Business Name,Address,Phone,Website,Email,Facebook URL,Email Source,Rating,Reviews,Category,Address ZIP,Source ZIP,Neighborhood,Search Query
Textures Beauty Salon,"555 Settlers Landing Rd STE C, Hampton, VA 23669",(757) 723-4247,https://www.google.com/maps/search/?api=1&query=Textures%20Beauty%20Salon&query_place_id=ChIJmV6emqqEuokRT1S7bzybJ8o,,https://www.facebook.com/HeartzUnfoldEvents/posts/scrolling-through-my-camera-roll-and-wow-i-stumbled-upon-this-live-testimony-my-/1144199057729323/,Not Found,,14,Beauty salon,23669,23663,"Hampton, VA",beauty salons 23663
Hair Cuttery,"4029 W Mercury Blvd, Hampton, VA 23666",(757) 826-7829,https://locations.haircuttery.com/va/hampton/4029-w-mercury-blvd?y_source=1_MzQ4MjQ5Mi03MTUtbG9jYXRpb24ud2Vic2l0ZQ%3D%3D,guestcare@haircuttery.com,http://www.facebook.com/haircuttery,Facebook,,301,Hair salon,23666,23663,"Hampton, VA",beauty salons 23663
Above All Hair Studio & Spa,"2502 Build America Dr, Hampton, VA 23666",(757) 838-4100,https://www.google.com/maps/search/?api=1&query=Above%20All%20Hair%20Studio%20%26%20Spa&query_place_id=ChIJeYS8_CKDuokRLiv1g7IyjLc,aboveallhairstudio@msn.com,https://www.facebook.com/p/Above-all-Hair-Studio-Spa-100089356140936/,Facebook,,63,Beauty salon,23666,23663,"Hampton, VA",beauty salons 23663
It's Hair Beauty Salon,"3006 W Mercury Blvd, Hampton, VA 23666",(757) 826-8115,https://www.google.com/maps/search/?api=1&query=It's%20Hair%20Beauty%20Salon&query_place_id=ChIJ_yk8VNeCuokRC-ETzeA5nCs,,https://www.facebook.com/pages/Its-Hair-Beauty-Salon/160197300669672?locale=sv_SE,Not Found,,40,Beauty salon,23666,23663,"Hampton, VA",beauty salons 23663
Simply Panache Nail Bar & Medi Spa,"C, 23 S Mallory St, Hampton, VA 23663",(757) 726-2243,http://www.simplypanachespa.com/,contact@simplypanachespa.com,https://www.facebook.com/Simply,Facebook,,126,Nail salon,23663,23663,"Hampton, VA",beauty salons 23663
Quality Touch Hair Salon,"2845 N Armistead Ave # A, Hampton, VA 23666",(757) 865-4000,https://www.google.com/maps/search/?api=1&query=Quality%20Touch%20Hair%20Salon&query_place_id=ChIJq3dX25iDuokRN2ziTd399y4,,https://www.facebook.com/p/Quality-Touch-Hair-Salon-100032450155881/,Not Found,,51,Beauty salon,23666,23663,"Hampton, VA",beauty salons 23663
Beauty Boutique Ltd,"3322 W Mercury Blvd, Hampton, VA 23666",(757) 826-7016,https://ushair.top/beauty-boutique-ltd-9XSzWJOU,data@ezoic.com,,Google Maps,,14,Beauty salon,23666,23663,"Hampton, VA",beauty salons 23663
The Style Experience,"2507 W Mercury Blvd, Hampton, VA 23666",(757) 838-2920,http://www.thestyleexperiencesalon.com/,,https://www.facebook.com/TheStyleExperienceSalon/,Not Found,,72,Beauty salon,23666,23663,"Hampton, VA",beauty salons 23663
Reverie Haus,"19 E Queens Wy E, Hampton, VA 23669",(757) 342-6341,https://www.vagaro.com/us03/reveriehaus,support@vagaro.com,https://www.facebook.com/vagaropro,Facebook,,66,Hair salon,23669,23663,"Hampton, VA",beauty salons 23663
Phaze 2 hair lounge,"2024 Nickerson Blvd, Hampton, VA 23663",(757) 273-6449,https://www.google.com/maps/search/?api=1&query=Phaze%202%20hair%20lounge&query_place_id=ChIJaakrg-eFuokRGYogvpIqBe4,,https://m.facebook.com/story.php?story_fbid=187578747424576&id=100085173566371,Not Found,,10,Hair salon,23663,23663,"Hampton, VA",beauty salons 23663
"Hair 4 U International Beauty & Barber College, LLC","702 N Mallory St, Hampton, VA 23663",(757) 310-1492,https://rymap.org/business/hair-4-u-international-beauty-barber-college-llc-ih3rwm,,,Not Found,,16,Beauty school,23663,23663,"Hampton, VA",beauty salons 23663
Image and Stylez Unisex Salon,"3130 Allainby Way, Hampton, VA 23666",(757) 755-1601,https://imageandstylez.zoca.com/?utm_source=googlemaps&utm_medium=googlemaps&utm_campaign=googlemaps,imageandstylez@gmail.com,,Google Maps,,57,Beauty salon,23666,23663,"Hampton, VA",beauty salons 23663
The Hampton Hair Company,"40 Wine St, Hampton, VA 23669",(757) 728-9636,http://barrysforhair.com/,thehamptonhaircompany@gmail.com,https://www.facebook.com/p/The-Hampton-Hair-Company-61577777092733/,Facebook,,57,Hair salon,23669,23663,"Hampton, VA",beauty salons 23663
Cara Mia Salon,"1108 W Mercury Blvd, Hampton, VA 23666",(757) 553-8297,https://caramiasalon.wixsite.com/caramia?fbclid=IwZXh0bgNhZW0CMTEAAR1tCqQuujMDjPCPSKUo47Zewu4n3tnebKbZvtrK290q16iBESDrpVaWK3E_aem_ks1g1KXvqcVIK1S0ApYxOg,hairjunkie1126@gmail.com,https://www.facebook.com/CaraMiaSal0n/,Facebook,,67,Hair salon,23666,23663,"Hampton, VA",beauty salons 23663
MD Hair Salon LLC,"1975 E Pembroke Ave, Hampton, VA 23663",(757) 358-2935,http://www.styleseat.com/matenna,,,Not Found,,74,Beauty salon,23663,23663,"Hampton, VA",beauty salons 23663
The Purple Hare,"52 Old Hampton Ln STE F, Hampton, VA 23669",(757) 722-0510,https://www.facebook.com/ThePurpleHareSalon/,terrasimobiliariapi@gmail.com,https://www.facebook.com/terrasimobiliaria,Facebook,,43,Hair salon,23669,23663,"Hampton, VA",beauty salons 23663
Good Looks Barbershop and Beauty Salon,"43 W Mercury Blvd, Hampton, VA 23669",(757) 727-0660,https://www.google.com/maps/search/?api=1&query=Good%20Looks%20Barbershop%20and%20Beauty%20Salon&query_place_id=ChIJtYxgHpqEuokR7SWHHtbQxWo,,,Not Found,,89,Beauty salon,23669,23663,"Hampton, VA",beauty salons 23663
Cuttin Up Salon,"1786 Old Buckroe Rd, Hampton, VA 23664",(757) 369-9449,https://www.google.com/maps/search/?api=1&query=Cuttin%20Up%20Salon&query_place_id=ChIJcy09OzGFuokRdk4pvi8_1A0,cuttinup1786@gmail.com,https://www.facebook.com/p/Cuttin-Up-Salon-100085415596590/,Facebook,,55,Beauty salon,23664,23663,"Hampton, VA",beauty salons 23663
Monica's Dominican Hair & Babershop,"61 W Mercury Blvd, Hampton, VA 23669",(757) 265-7560,https://www.google.com/maps/search/?api=1&query=Monica's%20Dominican%20Hair%20%26%20Babershop&query_place_id=ChIJNdPxZpOFuokR3mgmMnq9kBU,,,Not Found,,132,Beauty salon,23669,23663,"Hampton, VA",beauty salons 23663
TLT Hair Bar,"12 Old Town Ln, Hampton, VA 23669",(757) 722-1114,https://uscompany.business/business/tlt-hair-bar-7io4g9,tlthairbar@gmail.com,https://www.facebook.com/p/TLT-HAIR-Bar-LLC-100062982052215/,Facebook,,69,Hair salon,23669,23663,"Hampton, VA",beauty salons 23663
Stay Gold Beauty Salon,"1021 N King St, Hampton, VA 23669",(757) 316-7116,https://mapsyo.xyz/business/stay-gold-beauty-salon-mkbrW3b0,,,Not Found,,14,Beauty salon,23669,23663,"Hampton, VA",beauty salons 23663
Diva Styles Salon,"2092 Nickerson Blvd, Hampton, VA 23663",(757) 848-5899,https://camaps.xyz/business/diva-styles-salon-ytkzI_I8,tabatkins4@gmail.com,https://www.facebook.com/diva757/,Facebook,,67,Beauty salon,23663,23663,"Hampton, VA",beauty salons 23663
20 Hope Street Salon,"20 S Hope St, Hampton, VA 23663",(757) 639-7084,https://www.google.com/maps/search/?api=1&query=20%20Hope%20Street%20Salon&query_place_id=ChIJ0RdpLtSEuokRmXr3hTUDjnQ,mlrtyme99@gmail.com,https://www.facebook.com/20hopestreetsalon/,Facebook,,28,Beauty salon,23663,23663,"Hampton, VA",beauty salons 23663
Bobbie Glen Salon & Spa,"2332 W Mercury Blvd A, Hampton, VA 23666",(757) 827-0157,https://bobbieglenhairsalon.com/,bobbieglen@gmail.com,https://www.facebook.com/BobbieGlenHairSalon/,Facebook,,189,Beauty salon,23666,23663,"Hampton, VA",beauty salons 23663
The Cutting Edge Hair Salon,"11 E Mellen St, Hampton, VA 23663",(757) 851-0697,https://www.facebook.com/tcesalon/,terrasimobiliariapi@gmail.com,https://www.facebook.com/terrasimobiliaria,Facebook,,103,Hair salon,23663,23663,"Hampton, VA",beauty salons 23663
Hair Cuttery,"2078 Nickerson Blvd #4, Hampton, VA 23663",(757) 850-9349,https://locations.haircuttery.com/va/hampton/2078-nickerson-blvd-ste-4?y_source=1_MzQ4MjgyNC03MTUtbG9jYXRpb24ud2Vic2l0ZQ%3D%3D,guestcare@haircuttery.com,http://www.facebook.com/haircuttery,Facebook,,278,Hair salon,23663,23663,"Hampton, VA",beauty salons 23663
Girl Who Glows Salon,"49 W Queens Wy, Hampton, VA 23669",(757) 975-8665,http://www.girlwhoglows.com/,support@girlwhoglows.com,https://www.facebook.com/girlwhoglowssalonandsuites/,Facebook,,50,Beauty salon,23669,23663,"Hampton, VA",beauty salons 23663
Hairista Studio,"1006 Settlers Landing Rd # M, Hampton, VA 23669",,http://hairistastudio.com/,Hairista@HairistaStudio.com,https://www.facebook.com/HairistaEssentials/,Facebook,,65,Beauty salon,23669,23663,"Hampton, VA",beauty salons 23663
Haven by jahlee,"1981 E Pembroke Ave, Hampton, VA 23663",(956) 231-6976,https://n.styl.se/kVqUQyru,,,Not Found,,1,Hair salon,23663,23664,"Hampton, VA",hair salons 23664
Salon C (Charmaine),"445 Oriana Rd #1, Newport News, VA 23608",(757) 320-3053,https://www.google.com/maps/search/?api=1&query=Salon%20C%20(Charmaine)&query_place_id=ChIJ61-Sf7p-sIkRePezdrRgyg4,,,Not Found,,53,Hair salon,23608,23608,"Newport News, VA",hair salons 23608
Above & Beyond Beauty Salon,"1104 W Mercury Blvd, Hampton, VA 23666",(757) 325-2019,http://www.aboveandbeyondbeautysalon.com/,wendyplatt665@gmail.com,https://www.facebook.com/profile.php?id=100040905234809,Facebook,,87,Beauty salon,23666,23663,"Hampton, VA",beauty salons 23663
Suly Salon,"14346 Warwick Blvd #462, Newport News, VA 23602",(757) 915-2968,https://usavendorx.top/details/suly-salon-ChIJC0P,,https://www.facebook.com/p/Suly-Salon-100077104784648/,Not Found,,29,Hair salon,23602,23608,"Newport News, VA",hair salons 23608
Platinum Stylz HAIR STUDIO,"620 Stoney Creek Ln #18, Newport News, VA 23608",(757) 527-2371,https://usmapcompany.com/business/platinum-stylz-hair-studio-bjgcce,demetries.jackson@yahoo.com,https://www.facebook.com/demetries.jackson/,Facebook,,83,Hair salon,23608,23608,"Newport News, VA",hair salons 23608
Isoy Hair Couture,"13269 Warwick Blvd, Newport News, VA 23602",(757) 283-5828,https://www.google.com/maps/search/?api=1&query=Isoy%20Hair%20Couture&query_place_id=ChIJLV1lJDF5sIkRA-QPmdMTQz0,,https://www.facebook.com/groups/782549746256627/posts/1342121350299461/,Not Found,,20,Beauty salon,23602,23608,"Newport News, VA",hair salons 23608
Wicked Beauty,"12551 Jefferson Ave, Newport News, VA 23602",(757) 298-1299,https://www.google.com/maps/search/?api=1&query=Wicked%20Beauty&query_place_id=ChIJlzVwJEp_sIkRjigosYaN210,wickedbeautymkl@gmail.com,https://www.facebook.com/wickedbeauty.mkl/,Facebook,,57,Hair salon,23602,23608,"Newport News, VA",hair salons 23608
T.WASH Hair Salon & Spa,"15425 Warwick Blvd, Newport News, VA 23608",(757) 975-0128,https://usabizora.top/details/twash-hair-salon-spa-ChIJf5F,,,Not Found,,8,Hair salon,23608,23608,"Newport News, VA",hair salons 23608
3 Bowls of Color,"12638 Jefferson Ave #6, Newport News, VA 23602",(757) 890-3090,https://www.3bowlsofcolor.com/,,https://www.facebook.com/3bowlsofcolorsalon/,Not Found,,215,Hair salon,23602,23608,"Newport News, VA",hair salons 23608
Eclipse Salon,"14335 Warwick Blvd, Newport News, VA 23602",(757) 874-1044,https://eclipsesalonva.com/,infoeclipsesalon@gmail.com,https://www.facebook.com/profile.php?id=61558838193907,Facebook,,30,Beauty salon,23602,23608,"Newport News, VA",hair salons 23608
Awaken Wellness Spa & Hair Design,"107 Herman Melville Ave, Newport News, VA 23606",(757) 782-9336,http://www.awakenwellnessspahairdesign.com/,awakenwellnessspahairdesign@gmail.com,https://www.facebook.com/Awaken,Facebook,,62,Hair salon,23606,23608,"Newport News, VA",hair salons 23608
Rachael Davis Hair Studio,"732 Thimble Shoals Blvd #305, Newport News, VA 23606",(757) 223-8885,https://uscompany.business/business/rachael-davis-hair-studio-fto78o,,https://www.facebook.com/Rachaeldavishairstudio/,Not Found,,119,Hair salon,23606,23608,"Newport News, VA",hair salons 23608
Flawless Hair Studios & Hair Boutique,"9505 Warwick Blvd, Newport News, VA 23601",(757) 660-3384,http://www.flawlesshairstudiosllc.com/,flawlesshairstudiosllc@gmail.com,https://www.facebook.com/FlawlessHairStudiosllc/,Facebook,,110,Hairdresser,23601,23608,"Newport News, VA",hair salons 23608
Seoul Beauty Salon,"340 Oriana Rd # D, Newport News, VA 23608",(757) 877-5279,https://www.google.com/maps/search/?api=1&query=Seoul%20Beauty%20Salon&query_place_id=ChIJB4iSaK5-sIkRLQ6hLnnkZTw,,,Not Found,,39,Hair salon,23608,23608,"Newport News, VA",hair salons 23608
Salon Fresh,"12284 Warwick Blvd Suite 1aa, Newport News, VA 23606",(757) 595-3150,https://usalinkers.top/details/salon-fresh-ChIJ_z-,,https://www.facebook.com/p/Salon-Fresh-100028020205232/,Not Found,,53,Hair salon,23606,23608,"Newport News, VA",hair salons 23608
Sola Salon Studios,"12551 Jefferson Ave #109, Newport News, VA 23602",(757) 946-9000,https://www.solasalonstudios.com/locations/jefferson-commons?utm_source=gmb&utm_medium=organic,info@solasalonsva.com,https://www.facebook.com/solajeffersoncommons/,Facebook,,136,Beauty salon,23602,23608,"Newport News, VA",hair salons 23608
Fade87 Salon And Barbería,"941 Lucas Creek Rd, Newport News, VA 23608",(434) 373-3100,https://www.google.com/maps/search/?api=1&query=Fade87%20Salon%20And%20Barber%C3%ADa&query_place_id=ChIJhTpMys1_sIkR07F_tRDjCOI,,,Not Found,,103,Hair salon,23608,23608,"Newport News, VA",hair salons 23608
Gabba Gabba Salon,"4171 William Styron Square N, Newport News, VA 23606",(757) 599-1911,https://www.facebook.com/gabbagabbasalon/timeline,terrasimobiliariapi@gmail.com,https://www.facebook.com/terrasimobiliaria,Facebook,,70,Hair salon,23606,23608,"Newport News, VA",hair salons 23608
Oasis Salon,"704 Mariners Row STE 104, Newport News, VA 23606",(757) 595-3767,https://oasissalon.net/,info@oasissalon.net,https://www.facebook.com/OasisSalonVa/,Facebook,,63,Beauty salon,23606,23608,"Newport News, VA",hair salons 23608
Hair Cuttery,"12080 Jefferson Ave #925, Newport News, VA 23606",(757) 881-9800,https://locations.haircuttery.com/va/newport-news/12080-jefferson-avenue-suite-925?y_source=1_MzQ4MjQ1OS03MTUtbG9jYXRpb24ud2Vic2l0ZQ%3D%3D,guestcare@haircuttery.com,http://www.facebook.com/haircuttery,Facebook,,290,Hair salon,23606,23608,"Newport News, VA",hair salons 23608
"Mane Life Salon, Inc.","208 Arthur Way, Newport News, VA 23606",(757) 813-4969,http://www.manelifesalon.com/,manelifesalon@gmail.com,https://www.facebook.com/manelifesaloninc,Facebook,,46,Hair salon,23606,23608,"Newport News, VA",hair salons 23608
Hair On Fire Salon Spa,"121 Walt Whitman Ave, Newport News, VA 23606",(757) 599-3473,https://usabe.xyz/business/hair-on-fire-salon-spa-V79MyvIA,,https://www.facebook.com/enmcreativebodyart2018/posts/haironfiresalonspa-enm_hennaart-bodyartist-bodyart-hennatattoos-hennatattoo-henn/1902655873086937/,Not Found,,86,Hair salon,23606,23608,"Newport News, VA",hair salons 23608
Salon JoBella,"1805 E Pembroke Ave, Hampton, VA 23663",(757) 223-5999,http://www.salonjobella.com/,salonjobella@gmail.com,http://www.facebook.com/SalonJoBella,Facebook,,133,Beauty salon,23663,23663,"Hampton, VA",beauty salons 23663
Luxury Tress Extension Bar,"701 Mariners Row STE 102, Newport News, VA 23606",(757) 334-0444,https://luxurytressextensionbar.zoca.com/?utm_source=googlemaps&utm_medium=googlemaps&utm_campaign=googlemaps,luxurytressthesalon@gmail.com,https://www.facebook.com/LuxuryTressExtensionBar/,Facebook,,198,Hair salon,23606,23608,"Newport News, VA",hair salons 23608
A J Beauty Salon,"13175 Jefferson Ave #5, Newport News, VA 23608",(757) 877-2205,https://www.google.com/maps/search/?api=1&query=A%20J%20Beauty%20Salon&query_place_id=ChIJRXNE8X1-sIkRpF3zu6eBgeQ,,https://www.facebook.com/groups/BeautyintheBorough/posts/24873732005548124/,Not Found,,155,Hair salon,23608,23608,"Newport News, VA",hair salons 23608
Luz Hair Salón,"465 Oriana Rd, Newport News, VA 23608",(757) 833-8202,https://camaps.xyz/business/luz-hair-sal-n-SKTtFN-c,,,Not Found,,367,Hair salon,23608,23608,"Newport News, VA",hair salons 23608
Amber + Slate Aveda Salon,"10233 Warwick Blvd, Newport News, VA 23601",(757) 750-3161,http://amberandslate.com/,amberandslate@icloud.com,https://www.facebook.com/amberandslatesalon/,Facebook,,146,Hair salon,23601,23608,"Newport News, VA",hair salons 23608
B J's Hair Gallery,"200 Beech Dr, Newport News, VA 23601",(757) 596-6892,https://www.google.com/maps/search/?api=1&query=B%20J's%20Hair%20Gallery&query_place_id=ChIJ53DbqaaCuokRRFGW2szU3L0,,,Not Found,,28,Beauty salon,23601,23601,"Newport News, VA",hair salons 23601
Newport News Hair Extensions,"420 Logan Pl, Newport News, VA 23601",(757) 933-0025,http://www.instagram.com/siskee20apple21,,https://www.facebook.com/groups/222874641729448/posts/1711402132876684/,Not Found,,28,Hair salon,23601,23601,"Newport News, VA",hair salons 23601
Brittany's Beauty Bar,"601 Hampton Hwy, Yorktown, VA 23693",(757) 867-8105,http://www.brittanysbeautybar.com/,info@brittanysbeautybar.com,http://www.facebook.com/BrittanysBeautyBar,Facebook,,312,Hair salon,23693,23690,"Yorktown, VA",hair salons 23690
Health Nail Spa,"8608 George Washington Memorial Hwy, Yorktown, VA 23692",(757) 758-6388,https://www.google.com/maps/search/?api=1&query=Health%20Nail%20Spa&query_place_id=ChIJ914a1c5_sIkRRsQkQGhQUp0,,https://www.facebook.com/p/Health-Nail-Spa-100070183058868/,Not Found,,45,Beauty salon,23692,23690,"Yorktown, VA",hair salons 23690
On Point Hair Salon LLC.,"2368 George Washington Memorial Hwy, Hayes, VA 23072",(804) 684-5110,https://usmapic.org/details/on-point-hair-salon-llc--ChIJeeh,,https://www.facebook.com/onpointhairsalon2019/videos/good-morning-%EF%B8%8Fophs-family%EF%B8%8Fwe-are-having-a-big-summer-hair-special-please-spread-/282036070978436/,Not Found,,83,Hair salon,23072,23690,"Yorktown, VA",hair salons 23690
Z1Hair Studio & Academy,"3120 Kiln Creek Pkwy, Yorktown, VA 23693",(757) 303-2167,https://www.google.com/maps/search/?api=1&query=Z1Hair%20Studio%20%26%20Academy&query_place_id=ChIJveMpdE9_sIkRa1JmNEyGb9c,,,Not Found,,41,Beauty salon,23693,23690,"Yorktown, VA",hair salons 23690
Blown Away Salon,"2066 George Washington Memorial Hwy, Hayes, VA 23072",(804) 642-5064,http://www.blownawaysalonva.com/Services,blownawaysalonva@gmail.com,https://www.facebook.com/blownawaysalonva,Facebook,,263,Hair salon,23072,23690,"Yorktown, VA",hair salons 23690
Notti Hair Salon,"393 Denbigh Blvd, Newport News, VA 23608",(757) 879-1482,http://nottihairsalon.com/,filler@godaddy.com,https://www.facebook.com/106519082269431,Facebook,,5,Hair salon,23608,23608,"Newport News, VA",hair salons 23608
Style By Design,"501 Village Ave Suite 102, Yorktown, VA 23693",(757) 591-0283,http://stylebydesignsalon.com/,stylebydesign888@yahoo.com,https://www.facebook.com/stylebydesign,Facebook,,124,Hair salon,23693,23690,"Yorktown, VA",hair salons 23690
Great Clips,"409 Carrington Ln, Yorktown, VA 23692",(757) 243-8419,https://salons.greatclips.com/us/va/yorktown/409-carrington-ln?utm_source=google&utm_medium=organic&utm_campaign=gmb,,https://www.facebook.com/NelsonsGrantGreatClips/,Not Found,,252,Hair salon,23692,23690,"Yorktown, VA",hair salons 23690
Manhattan Hair Company,"5005 Victory Blvd #12, Yorktown, VA 23693",(757) 877-7353,https://www.google.com/maps/search/?api=1&query=Manhattan%20Hair%20Company&query_place_id=ChIJg0PcJVN_sIkRTMs7nzcPxAo,,https://www.facebook.com/teresa.s.morrow/,Not Found,,32,Hair salon,23693,23690,"Yorktown, VA",hair salons 23690
"Lioness Reign, LLC","701 Mariners Row Suite 102, Newport News, VA 23606",(757) 330-0570,http://stylesbytabitha.square.site/,lionessreignllc@gmail.com,https://www.facebook.com/stylesbytabitha2/,Facebook,,108,Hair salon,23606,23601,"Newport News, VA",hair salons 23601
Shabby to Chic Hair Salon,"6420 George Washington Memorial Hwy unit e, Yorktown, VA 23692",(757) 869-7675,https://m.facebook.com/Shabby-To-Chic-Hair-Salon-336634923405770/,,https://www.facebook.com/p/Shabby-To-Chic-Hair-Salon-100045274280946/,Not Found,,7,Hair salon,23692,23690,"Yorktown, VA",hair salons 23690
Deevas Hair Dominican Salon,"1900 George Washington Memorial Hwy C, Yorktown, VA 23693",(757) 818-7202,https://deevashairsalon.as.me/,,https://www.facebook.com/deevashairdominicansalon/,Not Found,,209,Hair salon,23693,23690,"Yorktown, VA",hair salons 23690
Sese hair braiding,"104 Shanna Ct, Yorktown, VA 23692",(773) 474-6580,https://www.instagram.com/sesehairbraiding/?igshid=OGQ5ZDc2ODk2ZA%3D%3D,amegak066@icloud.com,https://www.facebook.com/p/Sese-hair-braiding-100063611138687/,Facebook,,73,Hairdresser,23692,23690,"Yorktown, VA",hair salons 23690
All About Hair,"5756 George Washington Memorial Hwy, Yorktown, VA 23692",(757) 874-5800,https://www.google.com/maps/search/?api=1&query=All%20About%20Hair&query_place_id=ChIJRaZxVYR_sIkRxHZY5B4ZjZk,,https://www.facebook.com/Allabouthair4u/,Not Found,,27,Hair salon,23692,23690,"Yorktown, VA",hair salons 23690
Dolce Vita Salon and Spa,"101 Mill Rd, Yorktown, VA 23693",(757) 223-4633,http://www.thedolcevitasalon.com/,info@thedolcevitasalon.com,https://www.facebook.com/dolcevitasalonandspa/,Facebook,,224,Hair salon,23693,23690,"Yorktown, VA",hair salons 23690
Blown Away Salon & Academy,"2060 George Washington Memorial Hwy, Hayes, VA 23072",(757) 527-2839,https://blownawaysalonva.com/now-enrolling,blownawaysalonva@gmail.com,https://www.facebook.com/blownawaysalonva,Facebook,,150,Hair salon,23072,23690,"Yorktown, VA",hair salons 23690
Robin Spruill Hair Art,"445 Grafton Dr suite a, Yorktown, VA 23692",(757) 725-4200,https://www.robinspruill.com/,robinrspruill@gmail.com,https://www.facebook.com/HairArtRobinSpruill/,Facebook,,28,Hair salon,23692,23690,"Yorktown, VA",hair salons 23690
Southern Hair Design,"5319 George Washington Memorial Hwy, Yorktown, VA 23692",(757) 898-6171,https://www.google.com/maps/search/?api=1&query=Southern%20Hair%20Design&query_place_id=ChIJ88Nfy4N_sIkRmyRPpTgamOk,southern.hairdesign2023@gmail.com,https://www.facebook.com/people/Southern-Hair-Design/61558009225011/,Facebook,,30,Beauty salon,23692,23690,"Yorktown, VA",hair salons 23690
Blend Family Salon,"5336 George Washington Memorial Hwy F1, Yorktown, VA 23692",(757) 884-8299,https://blendfamilysalon.square.site/,blendsalon2020@gmail.com,https://www.facebook.com/p/Blend-Family-Salon-LLC-100070135720171/,Facebook,,26,Hair salon,23692,23690,"Yorktown, VA",hair salons 23690
Razzle Dazzle the Salon,"York Village Shopping Center, 7330 George Washington Memorial Hwy, Yorktown, VA 23692",(757) 898-6374,https://mapsyo.xyz/business/razzle-dazzle-the-salon-AReUzahk,,https://www.facebook.com/p/Razzle-Dazzle-The-Salon-100054536196871/,Not Found,,14,Beauty salon,23692,23690,"Yorktown, VA",hair salons 23690
Shear Envy,"4334 George Washington Memorial Hwy, Yorktown, VA 23692",(757) 877-0460,https://www.facebook.com/ShearEnvy757/,terrasimobiliariapi@gmail.com,https://www.facebook.com/terrasimobiliaria,Facebook,,41,Hair salon,23692,23690,"Yorktown, VA",hair salons 23690
Amazing Cuts,"1213 George Washington Memorial Hwy STE H, Yorktown, VA 23693",(757) 223-6683,https://www.google.com/maps/search/?api=1&query=Amazing%20Cuts&query_place_id=ChIJiTUnzKd4sIkRtvTJZ6vymAo,,https://www.facebook.com/AmazingCutsYorktownVa/,Not Found,,76,Hair salon,23693,23690,"Yorktown, VA",hair salons 23690
Savannah's Place,"5906H George Washington Memorial Hwy Suite H, Yorktown, VA 23692",,https://facebook.com/savannahsplc/,allflo@bigpond.net.au,facebook.com/Ameliasantiqueswagga,Facebook,,10,Beauty salon,23692,23690,"Yorktown, VA",hair salons 23690
Body Shoppe Spa & Salon,"1730 George Washington Memorial Hwy, Yorktown, VA 23693",(757) 596-4847,http://www.bodyshoppespa.com/,support@bodyshoppespa.com,http://www.facebook.com/BodyShoppeSpaandSalon,Facebook,,263,Hair salon,23693,23690,"Yorktown, VA",hair salons 23690
Prim & Proper Hair Boutique,"209 Village Ave E, Yorktown, VA 23693",(757) 642-3887,https://primandproperhairboutique.com/,,https://www.facebook.com/YesYorkVA/posts/%F0%9D%90%8D%F0%9D%90%9E%F0%9D%90%B0-%F0%9D%90%A2%F0%9D%90%A7-%F0%9D%90%93%F0%9D%90%A8%F0%9D%90%B0%F0%9D%90%A7-%F0%9D%90%85%F0%9D%90%9A%F0%9D%90%A6%F0%9D%90%A2%F0%9D%90%A5%F0%9D%90%A2%F0%9D%90%9A%F0%9D%90%AB-%F0%9D%90%85%F0%9D%90%9A%F0%9D%90%9C%F0%9D%90%9E%F0%9D%90%AC-%F0%9D%90%8D%F0%9D%90%9E%F0%9D%90%B0-%F0%9D%90%8F%F0%9D%90%A5%F0%9D%90%9A%F0%9D%90%9C%F0%9D%90%9E%F0%9D%90%ACit-is-a-great-time-for-business-in-york-cou/1050004287311486/,Not Found,,20,Hair salon,23693,23690,"Yorktown, VA",hair salons 23690
Salon de Joi,"3301 Hampton Hwy D, Yorktown, VA 23693",(757) 867-6111,http://www.salondejoi.com/,salondejoi@gmail.com,,Google Maps,,76,Hair salon,23693,23690,"Yorktown, VA",hair salons 23690
SUPERCUTS,"4433 George Washington Memorial Hwy, Grafton, VA 23692",(757) 874-3569,https://www.supercuts.com/locations/nearme/haircut/va/grafton/4433-george-washington-mem-hwy/82913,marketing@hrahllc.com,https://www.facebook.com/SupercutsGraftonShoppes/,Facebook,,322,Hair salon,23692,23690,"Yorktown, VA",hair salons 23690
Vanity by Amy,"5906 George Washington Memorial Hwy I, Yorktown, VA 23692",(757) 254-8296,http://www.vanitybyamy.com/,amy@vanitybyamy.com,https://www.facebook.com/VanityByAmy,Facebook,,52,Make-up artist,23692,23690,"Yorktown, VA",hair salons 23690
Faso African braiding and beauty,"1405 Kiln Creek Pkwy L1, Newport News, VA 23602",(757) 597-8803,http://www.fasoafricanbraidingandbeauty.com/,aidaouedra@gmail.com,https://facebook.com/Fasoconcept/,Facebook,,90,Hair salon,23602,23690,"Yorktown, VA",hair salons 23690
Tamra Hollowell Salon & Spa,"165 Herman Melville Ave, Newport News, VA 23606",(757) 596-1809,http://tamrahollowellsalonspa.com/,tamrahollowellsalon@gmail.com,https://www.facebook.com/tamrahollowellsalon,Facebook,,71,Hair salon,23606,23608,"Newport News, VA",hair salons 23608
Hair Cuttery,"2359 York Crossing Dr, Hayes, VA 23072",(804) 642-5593,https://locations.haircuttery.com/va/hayes/2359-york-crossing-dr?y_source=1_MzQ4MjU1OC03MTUtbG9jYXRpb24ud2Vic2l0ZQ%3D%3D,guestcare@haircuttery.com,http://www.facebook.com/haircuttery,Facebook,,133,Hair salon,23072,23690,"Yorktown, VA",hair salons 23690
Hairphenalia 17,"6642 George Washington Memorial Hwy, Yorktown, VA 23692",(757) 898-0997,https://hairphenalia17.net/,,https://www.facebook.com/p/Hairphenalia-17-Hair-Salon-100063634300188/,Not Found,,126,Hair salon,23692,23690,"Yorktown, VA",hair salons 23690
Salty Salon,"8100 George Washington Memorial Hwy C, Yorktown, VA 23692",(757) 527-3282,http://saltysalonyorktown.com/,saltysalonyorktown@gmail.com,https://www.facebook.com/saltysalonyorktown/,Facebook,,241,Hair salon,23692,23690,"Yorktown, VA",hair salons 23690
Tori Bay Salon,"758 J Clyde Morris Blvd, Newport News, VA 23601",(757) 310-6356,https://uscompany.business/business/tori-bay-salon-gleqh7,,https://www.facebook.com/p/Tori-Bay-Salon-100064871505393/,Not Found,,100,Hair salon,23601,23601,"Newport News, VA",hair salons 23601
Inky Stylez Braids-Kuts & More,"716 J Clyde Morris Blvd, Newport News, VA 23601",(757) 777-8635,https://usned.top/business/inky-stylez-braids-kuts-more-DLkDiDfU,,,Not Found,,216,Beauty salon,23601,23601,"Newport News, VA",hair salons 23601
Alejandra Dominican Beauty Salon,"760 J Clyde Morris Blvd, Newport News, VA 23601",(757) 933-2788,https://mapsmix.pw/alejandra-dominican-beauty-salon-lwqds5e,,,Not Found,,184,Hair salon,23601,23601,"Newport News, VA",hair salons 23601
Weavesbyt,"653 34th St, Newport News, VA 23607",(757) 376-5394,https://weavesbyt.as.me/,tonyacuffy84@gmail.com,https://www.facebook.com/weavesbytonya/,Facebook,,173,Beauty salon,23607,23601,"Newport News, VA",hair salons 23601
Pretty N Pink Pressed Beauty Bar LLC,"604 Aberdeen Rd Suite B, Hampton, VA 23661",(757) 298-1610,https://www.google.com/maps/search/?api=1&query=Pretty%20N%20Pink%20Pressed%20Beauty%20Bar%20LLC&query_place_id=ChIJz9Un67mduokRdZc5A7KqfZk,,,Not Found,,2,Hair salon,23661,23661,"Hampton, VA",hair salons 23661
Phenix Salon Suites,"Peninsula Town center, 1431 Merchant Ln, Hampton, VA 23666",(347) 474-5602,https://phenixsalons.com/professionals/virginia-va-hampton/,phenixsalonshuntsville@gmail.com,https://www.facebook.com/phenixsalonsuiteswestsidecentrehuntsville/,Facebook,,34,Beauty salon,23666,23661,"Hampton, VA",hair salons 23661
Harts Hair Studio LLC,"2601B W Mercury Blvd, Hampton, VA 23666",,https://www.vagaro.com/hartshairstudiollc,support@vagaro.com,https://www.facebook.com/vagaropro,Facebook,,28,Beauty salon,23666,23661,"Hampton, VA",hair salons 23661
Millennium Styles Hair Salon,"942 Big Bethel Rd, Hampton, VA 23666",(757) 288-0824,https://www.google.com/maps/search/?api=1&query=Millennium%20Styles%20Hair%20Salon&query_place_id=ChIJ3RQPfeWcuokRd8DNFbrZ8hg,cookiejones79@gmail.com,https://www.facebook.com/COOKWORKHAIR/,Facebook,,29,Beauty salon,23666,23661,"Hampton, VA",hair salons 23661
Sport Clips Haircuts of Hampton,"4500 Kilgore Ave, Hampton, VA 23666",(757) 838-3008,https://sportclips.com/us-va-hampton-va303?utm_source=google&utm_medium=link&utm_campaign=gbp&utm_content=soci,noreply@sportclips.com,https://www.facebook.com/419775678035600,Facebook,,302,Hair salon,23666,23661,"Hampton, VA",hair salons 23661
D K & Amy African Hair Braiding,"1431 Merchant Ln, Hampton, VA 23669",(757) 727-0122,https://www.google.com/maps/search/?api=1&query=D%20K%20%26%20Amy%20African%20Hair%20Braiding&query_place_id=ChIJJTYrDpGEuokR8b_w0r91Yn4,,,Not Found,,97,Beauty salon,23669,23661,"Hampton, VA",hair salons 23661
Gabbygripem,"1431 Merchant Ln Suite 128, Hampton, VA 23666",(773) 441-4005,http://styleseat.com/gabbygripem,,https://www.facebook.com/gabbygotem,Not Found,,2,Hair salon,23666,23661,"Hampton, VA",hair salons 23661
Joy Beauty Supply,"3312 W Mercury Blvd, Hampton, VA 23666",(757) 827-1000,https://placegem.top/joy-beauty-supply-8foxwve,,https://www.facebook.com/@jacquetta.green.3/?locale=lv_LV,Not Found,,421,Beauty salon,23666,23661,"Hampton, VA",hair salons 23661
Paparazzi Styles,"1421 Merchant Ln #149, Hampton, VA 23666",(757) 915-1502,https://www.google.com/maps/search/?api=1&query=Paparazzi%20Styles&query_place_id=ChIJT7Z4KpJ4sIkRWJJmogdNtaI,paparazzistylesstudio@gmail.com,https://www.facebook.com/paparazzistylesbyj/,Facebook,,60,Hair salon,23666,23661,"Hampton, VA",hair salons 23661
The Hairapy Room,"2214 Executive Dr Suite 101, Hampton, VA 23669",(757) 218-6347,https://www.styleseat.com/bkbraids,,https://www.facebook.com/HAIRbyKristopherLB/posts/303153560174083,Not Found,,4,Hair salon,23669,23661,"Hampton, VA",hair salons 23661
Locs Pro,"1427 N King St, Hampton, VA 23669",(757) 528-9246,https://locspro.com/,,https://www.facebook.com/111530567251190,Not Found,,45,Hair salon,23669,23661,"Hampton, VA",hair salons 23661
Styles To Go,"114 W Mercury Blvd, Hampton, VA 23669",(757) 728-1961,https://www.google.com/maps/search/?api=1&query=Styles%20To%20Go&query_place_id=ChIJVVUJ_5uEuokRCaxGUNdoB0A,,https://www.facebook.com/p/Styles-To-Go-Beauty-100043394067294/,Not Found,,12,Beauty salon,23669,23661,"Hampton, VA",hair salons 23661
Salon Blu,"1610 Aberdeen Rd A, Hampton, VA 23666",,https://www.google.com/maps/search/?api=1&query=Salon%20Blu&query_place_id=ChIJsRE0OESDuokR125wWWuMGwY,tstone_313@yahoo.com,https://www.facebook.com/p/SALON-BLU-100063439797139/,Facebook,,4,Beauty salon,23666,23661,"Hampton, VA",hair salons 23661
HAIRBYACIA,"2110 Hartford Rd # C, Hampton, VA 23666",(248) 991-2333,http://www.hairbyacia.com/,rawbeautyhairextensions@gmail.com,https://www.facebook.com/HAIRBYACIA/,Facebook,,20,Beauty salon,23666,23661,"Hampton, VA",hair salons 23661
ANOINTED HANDS HAIR AND LASH BY NATALIE,"1431 Merchant Ln Suit 109, Hampton, VA 23666",(904) 712-9392,https://square.site/book/FMQCKKHXTZP10/natalie-alexander-hampton-va,,https://www.facebook.com/kkmedicalmassage,Not Found,,43,Hair salon,23666,23661,"Hampton, VA",hair salons 23661
Salon 10,"52 Coliseum Xing, Hampton, VA 23666",(757) 224-2534,https://passivemint.io/business/salon-10-m32bmyZo,,https://www.facebook.com/Salon10HairHampton/,Not Found,,105,Beauty salon,23666,23661,"Hampton, VA",hair salons 23661
My Salon Suite,"12373 Hornsby Ln, Newport News, VA 23602",(757) 774-6771,https://www.mysalonsuite.com/newport-news/,press@mysalonsuite.com,https://www.facebook.com/mysalonsuiteofnewportnews/,Facebook,,130,Beauty salon,23602,23608,"Newport News, VA",hair salons 23608
Great Clips,"93 Coliseum Xing, Hampton, VA 23666",(757) 262-2112,https://salons.greatclips.com/us/va/hampton/93-coliseum-xing?utm_source=google&utm_medium=organic&utm_campaign=gmb,,https://www.facebook.com/p/Great-Clips-100089460140533/,Not Found,,300,Hair salon,23666,23661,"Hampton, VA",hair salons 23661
Hue & Diffuse | Salon Suite,"12551 Jefferson Ave Unit 187 Suite #130, Newport News, VA 23602",(757) 832-0900,https://hueanddiffuse.glossgenius.com/,,,Not Found,,17,Hair salon,23602,23608,"Newport News, VA",hair salons 23608
Dominican Patty Hair Salon,"2161 Cunningham Dr, Hampton, VA 23666",(757) 838-8889,https://instagram.com/dominicanpattyhairsalon?r=nametag,,https://www.facebook.com/Dominican%20Patty%20Hair%20Salon%20757%20patty%20salon/videos/1016657517135677/,Not Found,,185,Beauty salon,23666,23661,"Hampton, VA",hair salons 23661
VAJS Hair Studio,"2726 W Mercury Blvd Suite C, Hampton, VA 23666",(757) 838-0690,https://uscompany.business/business/vajs-hair-studio-3zybp7,vajshairstudio@outlook.com,https://www.facebook.com/vajshairstudio/,Facebook,,22,Hair salon,23666,23661,"Hampton, VA",hair salons 23661
Heavenly Hair,"2049 W Pembroke Ave #1702, Hampton, VA 23661",(757) 403-9401,https://www.google.com/maps/search/?api=1&query=Heavenly%20Hair&query_place_id=ChIJRcYJf8ScuokRMG4Mxz3-mH0,brodiiibenltey@hotmail.com,https://www.facebook.com/heavenlyhairand.co/,Facebook,,11,Beauty salon,23661,23661,"Hampton, VA",hair salons 23661
Hair Envy,"530 Aberdeen Rd, Hampton, VA 23661",(757) 224-3031,https://usmapcompany.com/business/hair-envy-vkmggg,,https://www.facebook.com/pages/Hair-Envy/279076955632416,Not Found,,72,Hair salon,23661,23661,"Hampton, VA",hair salons 23661
Sussex Total Beauty & Tan,"2505 Kecoughtan Rd, Hampton, VA 23661",(757) 722-4032,https://www.google.com/maps/search/?api=1&query=Sussex%20Total%20Beauty%20%26%20Tan&query_place_id=ChIJaZpgm7ycuokRehU-cLwMEzk,,,Not Found,,30,Beauty salon,23661,23661,"Hampton, VA",hair salons 23661
Tar'je' Hair Studio,"1759 W Pembroke Ave, Hampton, VA 23661",(757) 722-5600,https://www.google.com/maps/search/?api=1&query=Tar'je'%20Hair%20Studio&query_place_id=ChIJFRTUV7acuokREsqHu03bwQg,,https://www.facebook.com/p/TARJE-HAIR-STUDIO-100036492582936/,Not Found,,20,Beauty salon,23661,23661,"Hampton, VA",hair salons 23661
IDA AFRICAIN HAIR BRAIDING,"1 Riverdale Dr, Hampton, VA 23666",(757) 325-6562,http://idaafricanhairbraiding.com/?utm_source=gmb&utm_medium=referral,taaltownsend@gmail.com,https://www.facebook.com/p/Ida-African-hair-braiding-100024664706330/,Facebook,,71,Hair salon,23666,23661,"Hampton, VA",hair salons 23661
The Raw Beauty Bar,"2110 Hartford Rd # C, Hampton, VA 23666",(248) 991-2333,http://www.hairbyacia.com/,,https://www.facebook.com/groups/338582082997742/permalink/1534715470051058/?locale=hi_IN,Not Found,,19,Hair salon,23666,23661,"Hampton, VA",hair salons 23661
Legends Hair Salon,"2900 Hampton Hwy D, Yorktown, VA 23693",(757) 865-0090,https://m.facebook.com/Legends-Hair-198279023646487/,,,Not Found,,28,Hair salon,23693,23693,"Yorktown, VA",hair salons 23693
JY Hair,"5525 Olde Towne Rd B, Williamsburg, VA 23188",(757) 808-7036,https://www.google.com/maps/search/?api=1&query=JY%20Hair&query_place_id=ChIJlXIbm1qNsIkR7gPh16fuTkM,,https://www.facebook.com/p/JY-Hair-of-Williamsburg-61557168095766/,Not Found,,60,Hair salon,23188,23185,"Williamsburg, VA",hair salons 23185
Last Tangle,"105 Bulifants Blvd STE A, Williamsburg, VA 23188",(757) 220-8003,https://www.google.com/maps/search/?api=1&query=Last%20Tangle&query_place_id=ChIJhZ5oISCMsIkRdOW_Rx0V2fg,,https://www.facebook.com/lasttanglesalonandspa/posts/wed-like-to-welcome-our-new-hair-stylist-christine-to-our-last-tangle-team-chris/3148307115196571/,Not Found,,20,Beauty salon,23188,23185,"Williamsburg, VA",hair salons 23185
Jon's Hair Salon at Silk Salon,"5540 Foundation St, Williamsburg, VA 23188",(757) 220-1010,https://www.google.com/maps/search/?api=1&query=Jon's%20Hair%20Salon%20at%20Silk%20Salon&query_place_id=ChIJu7jeB0uIsIkRC8BIA1jUmp4,,,Not Found,,102,Hair salon,23188,23185,"Williamsburg, VA",hair salons 23185
John Khut,"3 Coliseum Xing, Hampton, VA 23666",(757) 251-2901,http://johnkhut.com/,johnkhutsalon@gmail.com,,Google Maps,,210,Hair salon,23666,23661,"Hampton, VA",hair salons 23661
Salon Gia,"1490 Quarterpath Rd Suite 5B, Williamsburg, VA 23185",(757) 208-0386,https://wplaces.xyz/business/salon-gia-2xOhhYhE,,https://www.facebook.com/salongia.net/,Not Found,,24,Hair salon,23185,23185,"Williamsburg, VA",hair salons 23185
Sola Salon Studios,"5140 Main St, Williamsburg, VA 23188",(757) 946-9000,https://www.solasalonstudios.com/locations/williamsburg-new-town1?utm_source=gmb&utm_medium=organic,info@solasalonsva.com,https://www.facebook.com/solanewtown/,Facebook,,107,Beauty salon,23188,23185,"Williamsburg, VA",hair salons 23185
Scotland Street Salon,,(757) 220-6850,https://www.google.com/maps/search/?api=1&query=Scotland%20Street%20Salon&query_place_id=ChIJWeYviQuJsIkRpOtNCFNUSnk,scotlandstreetsalon@gmail.com,https://www.facebook.com/scotlandstreetsalon/,Facebook,,159,Hair salon,,23185,"Williamsburg, VA",hair salons 23185
Salon 109,"1781 Jamestown Rd, Williamsburg, VA 23185",(757) 229-0236,https://www.google.com/maps/search/?api=1&query=Salon%20109&query_place_id=ChIJ6V5sZSCKsIkRto2nSCd7K_o,,https://www.facebook.com/Salon109Williamsburg/,Not Found,,17,Hair salon,23185,23185,"Williamsburg, VA",hair salons 23185
Virtue Salon,"312 Lightfoot Rd I, Williamsburg, VA 23188",(757) 903-2934,https://www.vagaro.com/virtuesalon,support@vagaro.com,https://www.facebook.com/vagaropro,Facebook,,80,Hair salon,23188,23185,"Williamsburg, VA",hair salons 23185
Acclaimed Appearance,"327 McLaws Cir suite 1-2, Williamsburg, VA 23185",(757) 258-1044,http://www.acclaimedappearance.com/,acclaimedappearance@gmail.com,https://www.facebook.com/AcclaimedAppearance/,Facebook,,49,Hair salon,23185,23185,"Williamsburg, VA",hair salons 23185
Mi Pelo Hair Salon,"1455 Richmond Rd, Williamsburg, VA 23188",(757) 912-3923,https://www.google.com/maps/search/?api=1&query=Mi%20Pelo%20Hair%20Salon&query_place_id=ChIJR4OJ7NCJsIkRipQnQHlOYf4,,https://www.facebook.com/MiPeloHairSalonWhereWeCareForYourHair/posts/mi-pelo-hair-salon-is-hiring-a-barber-or-hairstylist-for-williamsburg-va-if-you-/998312905009054/,Not Found,,68,Hair salon,23188,23185,"Williamsburg, VA",hair salons 23185
All Things New Hair Studio LLC,"240 McLaws Cir #130, Williamsburg, VA 23185",(757) 903-4201,http://allthingsnewhairstudio.com/,atninfo@allthingsnewhairstudio.com,https://www.facebook.com/allthingsnewhairstudioLLC/,Facebook,,14,Hair salon,23185,23185,"Williamsburg, VA",hair salons 23185
"Salon 403, LLC","11745 Jefferson Ave, Newport News, VA 23606",(757) 595-4430,http://www.salon403.com/,salon403@gmail.com,https://www.facebook.com/salon403/,Facebook,,37,Hair salon,23606,23608,"Newport News, VA",hair salons 23608
Hair Cuttery,"4680 Monticello Ave Ste 18e, Williamsburg, VA 23188",(757) 564-9890,https://locations.haircuttery.com/va/williamsburg/4680-monticello-ave-ste-18e?y_source=1_MzQ4MjY2OS03MTUtbG9jYXRpb24ud2Vic2l0ZQ%3D%3D,guestcare@haircuttery.com,http://www.facebook.com/haircuttery,Facebook,,267,Hair salon,23188,23185,"Williamsburg, VA",hair salons 23185
Chrome Cut & Co,"5559 Olde Towne Rd, Williamsburg, VA 23188",(757) 808-5384,https://squareup.com/appointments/book/38qvgn4c44t26l/LB9YV92PPK8E9/services,,https://www.facebook.com/ChromeCutCo/,Not Found,,189,Hair salon,23188,23185,"Williamsburg, VA",hair salons 23185
Luck Kee Hair,"206 Armistead Ave, Williamsburg, VA 23185",(757) 229-1177,https://www.google.com/maps/search/?api=1&query=Luck%20Kee%20Hair&query_place_id=ChIJkekWZwuJsIkRMiHhFo5zoPI,,https://www.facebook.com/p/Luck-Kee-Hair-100070093481602/,Not Found,,144,Hair salon,23185,23185,"Williamsburg, VA",hair salons 23185
Magnolia Studio,"4268 Casey Blvd, Williamsburg, VA 23188",(757) 808-6654,http://magnoliastudiosalon.glossgenius.com/,magnoliastudio13@gmail.com,https://facebook.com/MagnoliaStudioHairSalon,Facebook,,52,Beauty salon,23188,23185,"Williamsburg, VA",hair salons 23185
Charm Salon,"4548 John Tyler Hwy Unit A-7, Williamsburg, VA 23185",(757) 603-0035,http://hairsalonwilliamsburg.com/,,https://www.facebook.com/groups/2605787476255567/posts/2639163986251249/,Not Found,,5,Hair salon,23185,23185,"Williamsburg, VA",hair salons 23185
Hair Body & Soul,"907 Richmond Rd, Williamsburg, VA 23185",(757) 253-7646,https://www.google.com/maps/search/?api=1&query=Hair%20Body%20%26%20Soul&query_place_id=ChIJ5ckx8HGJsIkRgy4gR5HGic0,,https://www.facebook.com/p/Hair-Body-Soul-by-Brenda-100063942644642/,Not Found,,25,Hair salon,23185,23185,"Williamsburg, VA",hair salons 23185
Blown Away Salon,"WindsorMeade Marketplace Shopping Center, 4910 Monticello Ave Suite 7A, Williamsburg, VA 23188",(757) 808-5239,http://www.blownawaysalonva.com/,blownawaysalonva@gmail.com,https://www.facebook.com/blownawaysalonva,Facebook,,195,Hair salon,23188,23185,"Williamsburg, VA",hair salons 23185
Velvet Wax and Beauty,"1110 W Mercury Blvd, Hampton, VA 23666",(757) 550-1928,https://www.velvetwaxandbeauty.com/,info@velvetwaxandbeauty.com,https://www.facebook.com/Velvetwaxandbeauty,Facebook,,390,Waxing hair removal service,23666,23661,"Hampton, VA",hair salons 23661
Salon Vivace Williamsburg,"5116 Center St, Williamsburg, VA 23188",(757) 220-9411,https://www.salonvivac.com/williamsburg/,marketing@salonvivace.com,https://www.facebook.com/SalonVivace/,Facebook,,107,Hair salon,23188,23185,"Williamsburg, VA",hair salons 23185
"AMRITA Beauty & Wellness, AMRITA Hair Salon","326 Monticello Ave, Williamsburg, VA 23185",(757) 753-8535,http://amritabeautyandwellness.com/,,,Not Found,,316,Hair salon,23185,23185,"Williamsburg, VA",hair salons 23185
Superior Salon,"4950 Monticello Ave D, Williamsburg, VA 23188",(757) 902-3868,http://www.vagaro.com/superiorsalon,support@vagaro.com,https://www.facebook.com/vagaropro,Facebook,,65,Hair salon,23188,23185,"Williamsburg, VA",hair salons 23185
Illusions Salon and Day Spa,"374 McLaws Cir #1, Williamsburg, VA 23185",(757) 253-7790,https://www.illusionsbymarcus.com/,,https://www.facebook.com/Illusions,Not Found,,68,Hair salon,23185,23185,"Williamsburg, VA",hair salons 23185
"Loves Beauty Salon, LLC","209 Galts Mill Arch, Williamsburg, VA 23185",(757) 835-7130,https://app.acuityscheduling.com/schedule.php?owner=31364900,,,Not Found,,59,Beauty salon,23185,23185,"Williamsburg, VA",hair salons 23185
Look At That Hair,"12373 Hornsby Ln Suite 207, Newport News, VA 23602",(757) 660-4621,https://www.google.com/maps/search/?api=1&query=Look%20At%20That%20Hair&query_place_id=ChIJvej1Y0d5sIkRW_qv9exc8iY,muelleryc@gmail.com,https://www.facebook.com/p/Look-At-That-Hair-Styling-Studio-100039950838819/,Facebook,,10,Hair salon,23602,23602,"Newport News, VA",hair salons 23602
Pigtails & Crewcuts: Haircuts for Kids - Newport News,"12515 Jefferson Ave #320, Newport News, VA 23602",(757) 369-5999,https://book.pigtailsandcrewcuts.com/200907/shop_home?utm_source=google&utm_medium=local&utm_campaign=gmb_listing,charlottecotswold@pigtailsandcrewcuts.com,https://www.facebook.com/pigtailsandcrewcutscotswold/,Facebook,,571,Hair salon,23602,23602,"Newport News, VA",hair salons 23602
Silver Shears,"1405 D, Kiln Creek Pkwy, Newport News, VA 23602",,https://www.facebook.com/pages/Silver-Shears/752553678153517,terrasimobiliariapi@gmail.com,https://www.facebook.com/terrasimobiliaria,Facebook,,17,Hair salon,23602,23602,"Newport News, VA",hair salons 23602
Great Clips,"12266 Jefferson Ave B, Newport News, VA 23602",(757) 249-8964,https://salons.greatclips.com/us/va/newport-news/12266-jefferson-ave?utm_source=google&utm_medium=organic&utm_campaign=gmb,,https://www.facebook.com/NelsonsGrantGreatClips/,Not Found,,317,Hair salon,23602,23602,"Newport News, VA",hair salons 23602
Stella James Salon,"1700 George Washington Memorial Hwy STE H, Yorktown, VA 23693",(757) 595-5569,http://www.stellajamessalon.com/,StellaJamesSalon@gmail.com,https://www.facebook.com/StellaJamesSalon,Facebook,,18,Hair salon,23693,23693,"Yorktown, VA",hair salons 23693
Great Clips,"5007 Victory Blvd D1, Yorktown, VA 23693",(757) 369-8002,https://salons.greatclips.com/us/va/yorktown/5007-victory-blvd?utm_source=google&utm_medium=organic&utm_campaign=gmb,,,Not Found,,211,Hair salon,23693,23693,"Yorktown, VA",hair salons 23693
Pure Elegance Salon & Spa,"1161 Professional Dr, Williamsburg, VA 23185",(757) 940-4454,http://www.pureelegancesalonva.com/,info@pureelegancesalonva.com,https://www.facebook.com/1636975246544086,Facebook,,47,Beauty salon,23185,23185,"Williamsburg, VA",hair salons 23185
Creative Hair Studio LLC.,"601 Merrimac Trail, Williamsburg, VA 23185",(757) 508-8815,https://creativehstudio.wordpress.com/,,https://www.facebook.com/WordPresscom,Not Found,,54,Beauty salon,23185,23185,"Williamsburg, VA",hair salons 23185
Posh Salon,"4640 Monticello Ave Suite 11B, Williamsburg, VA 23188",(757) 253-7674,http://www.poshsalonwbg.com/,info@poshsalonwbg.com,https://www.facebook.com/poshsalonofwilliamsburg/,Facebook,,279,Hair salon,23188,23185,"Williamsburg, VA",hair salons 23185
Salon Elite,"12715-T, Warwick Blvd, Newport News, VA 23606",(757) 930-0900,http://www.salonelite01.com/,salonelite01@yahoo.com,http://www.facebook.com/salonelite01,Facebook,,232,Hair salon,23606,23608,"Newport News, VA",hair salons 23608
Only Quality Cutz,"1216 N King St, Hampton, VA 23669",(757) 723-1880,http://onlyqualitycuts.com/,,https://www.facebook.com/profile.php?id=61550024754819,Not Found,,68,Beauty salon,23669,23661,"Hampton, VA",hair salons 23661
House of Seven Scalp & Hair Spa,"100 College Row suite 2109, Williamsburg, VA 23185",(757) 259-7444,https://www.salonsevenwilliamsburg.com/about-9,Salonsevenwilliamsburg@gmail.com,https://www.facebook.com/SalonSevenWilliamsburg,Facebook,,21,Hair salon,23185,23185,"Williamsburg, VA",hair salons 23185
Nails VA,"8100 George Washington Memorial Hwy I, Yorktown, VA 23692",(757) 988-0219,https://www.google.com/maps/search/?api=1&query=Nails%20VA&query_place_id=ChIJzYzsQdt_sIkRNRp3vsczteY,jennynailsva@gmail.com,https://m.facebook.com/people/Yorktown-nails-Va/100085074107604/,Facebook,,112,Nail salon,23692,23690,"Yorktown, VA",salons 23690
Salon Seven,"200 College Row Ste 3113, Williamsburg, VA 23185",(757) 259-7444,http://www.salonsevenwilliamsburg.com/,Salonsevenwilliamsburg@gmail.com,https://www.facebook.com/SalonSevenWilliamsburg,Facebook,,157,Hair salon,23185,23185,"Williamsburg, VA",hair salons 23185
Salon Mizu,"732 Thimble Shoals Blvd STE 601, Newport News, VA 23606",(757) 873-0002,https://instagram.com/salon.mizu?igshid=NWRhNmQxMjQ=,,https://www.facebook.com/salonmizu/,Not Found,,44,Hair salon,23606,23601,"Newport News, VA",salons 23601
We'll Cut You,"6600 Richmond Rd, Williamsburg, VA 23188",(757) 564-1805,http://wellcutyou.com/,wellcutyou@gmail.com,,Google Maps,,41,Hair salon,23188,23188,"Williamsburg, VA",hair salons 23188
Tivnie Hair Solutions,"1431 Merchant Ln suite 145, Hampton, VA 23666",(757) 238-0494,http://www.tivniehairsolutions.com/,tivniehairsolutions@gmail.com,https://www.facebook.com/Tivniehairsolutions/,Facebook,,5,Hair salon,23666,23661,"Hampton, VA",hair salons 23661
Nirvana Hair Studio and Indigo Sage Massage Center and MD Hair Systems,"10019 Jefferson Ave, Newport News, VA 23605",(757) 254-7197,http://nirvanahairstudionn.com/,,,Not Found,,21,Beauty salon,23605,23601,"Newport News, VA",salons 23601
ADM Beauty Nail Salon,"13901 Warwick Blvd E, Newport News, VA 23602",(757) 527-2948,https://instagram.com/admbeauty_nn,,https://m.facebook.com/story.php?story_fbid=1554625772607502&id=100041802828453,Not Found,,279,Nail salon,23602,23602,"Newport News, VA",salons 23602
Daliza's Dominican Beauty Salon,"980 J Clyde Morris Blvd, Newport News, VA 23602",(757) 528-1443,https://uscompany.business/business/dalizas-dominican-beauty-salon-7vy965,,,Not Found,,100,Hair salon,23602,23601,"Newport News, VA",salons 23601
Sparrow & Grace Hair Studio,"800 E Rochambeau Dr D, Williamsburg, VA 23188",(757) 378-2700,http://www.sparrowandgracehairstudio.com/,sparrowandgrace757@gmail.com,https://www.facebook.com/sparrowandgrace757,Facebook,,45,Hair salon,23188,23188,"Williamsburg, VA",hair salons 23188
Agape Hair & Nails,"1929 Coliseum Dr, Hampton, VA 23666, United States",+1 757-827-9338,https://www.google.com/maps/search/?api=1&query=Agape%20Hair%20%26%20Nails&query_place_id=ChIJN5rUlz-DuokR8aiy7i-NF-c,,https://www.facebook.com/agapehairandnails/,Not Found,,24,Beauty salon,23666,23661,"Hampton, VA",salons 23661
Sarah's Salon & Day Spa,"1799 N Armistead Ave #4307, Hampton, VA 23666, United States",+1 757-825-1770,https://www.google.com/maps/search/?api=1&query=Sarah's%20Salon%20%26%20Day%20Spa&query_place_id=ChIJ5-wqR12DuokRoGzPBi4pfvE,,https://www.facebook.com/p/Sarahs-Salon-Day-Spa-100043017052185/,Not Found,,45,Beauty salon,23666,23661,"Hampton, VA",salons 23661
Phenix Salon Suites,"12551 Jefferson Ave #187, Newport News, VA 23602",(347) 474-5602,https://phenixsalons.com/professionals/virginia-va-newport-news/,phenomenalsuites@gmail.com,https://m.facebook.com/100075827271195/about/,Facebook,,20,Beauty salon,23602,23602,"Newport News, VA",salons 23602
Lux Nail Spa,"601 Commonwealth Dr, Yorktown, VA 23693",(757) 610-0001,https://luxnailspa7082.simplepos.us/,luxnailspa601@gmail.com,https://www.facebook.com/100094563256049,Facebook,,296,Nail salon,23693,23693,"Yorktown, VA",salons 23693
SUPERCUTS,"12 Towne Centre Wy, Hampton, VA 23666, United States",+1 757-826-8300,https://www.supercuts.com/locations/nearme/haircut/va/hampton/12-towne-centre-way/82921,marketing@hrahllc.com,https://www.facebook.com/SupercutsHamptonTwnCenter/,Facebook,,320,Beauty salon,23666,23661,"Hampton, VA",salons 23661
Cut Into It Salon,"11015 Warwick Blvd, Newport News, VA 23601",(757) 329-0765,https://www.google.com/maps/search/?api=1&query=Cut%20Into%20It%20Salon&query_place_id=ChIJd5J4s0h5sIkRxu50DrdJq9Q,,,Not Found,,2,Hair salon,23601,23601,"Newport News, VA",salons 23601
Cecy Salon,"382 Beechmont Dr, Newport News, VA 23608",(757) 753-3695,https://www.google.com/maps/search/?api=1&query=Cecy%20Salon&query_place_id=ChIJYQeRrad-sIkRD7A-K7zBGss,,https://www.facebook.com/cecyssalon2016/,Not Found,,87,Beauty salon,23608,23602,"Newport News, VA",salons 23602
Improva Beauty Nails,"2717 George Washington Memorial Hwy, Yorktown, VA 23693",(757) 901-4009,http://improvabeauty.com/,service@improvabeauty.com,https://www.facebook.com/loveatfirstcolor/,Facebook,,137,Nail salon,23693,23693,"Yorktown, VA",salons 23693
JCPenney Salon,"12300 Jefferson Ave SUITE 500, Newport News, VA 23602",(757) 249-1090,https://www.jcpenney.com/locations/va/newportnews/salon-newportnews-va-2809.html,,https://www.facebook.com/groups/590344434643735/posts/2536525430025616/,Not Found,,32,Beauty salon,23602,23602,"Newport News, VA",salons 23602
Great Clips,"12551 Jefferson Ave #257, Newport News, VA 23602",(757) 346-3199,https://salons.greatclips.com/us/va/newport-news/12551-jefferson-avenue?utm_source=google&utm_medium=organic&utm_campaign=gmb,,https://www.facebook.com/p/Great-Clips-100089569013817/,Not Found,,69,Beauty salon,23602,23602,"Newport News, VA",salons 23602
SUPERCUTS,"12368 Warwick Blvd a113, Newport News, VA 23606",(757) 595-4129,https://www.supercuts.com/locations/nearme/haircut/va/newport-news/12368-warwick-blvd-ste-a113/82916,marketing@hrahllc.com,https://www.facebook.com/SupercutsShoppesAtCnuVillage/,Facebook,,220,Beauty salon,23606,23601,"Newport News, VA",salons 23601
Chic Thairapy,"603 J Clyde Morris Blvd #5, Newport News, VA 23601",(757) 817-0976,http://chicthairapy.setmore.com/,jmorton155@gmail.com,https://www.facebook.com/ChicThairapy/,Facebook,,62,Beauty salon,23601,23601,"Newport News, VA",salons 23601
Moxie Nail Bar,"12233 Jefferson Ave, Newport News, VA 23602",(757) 527-3646,https://www.google.com/maps/search/?api=1&query=Moxie%20Nail%20Bar&query_place_id=ChIJ_xIX7DF5sIkRPHQRMxTJLMA,moxienailbar@gmail.com,https://www.facebook.com/MoxieNailBar/,Facebook,,198,Nail salon,23602,23602,"Newport News, VA",salons 23602
Narin Studio Threading Services,"Sola Salon, 12551 Jefferson Ave #109, Newport News, VA 23602",(757) 239-8091,https://usabe.xyz/business/narin-studio-threading-services-NydNvBAI,,,Not Found,,97,Beauty salon,23602,23602,"Newport News, VA",salons 23602
Studio 21 by Ivy,"12551 Jefferson Ave Suite 1, Newport News, VA 23602",(757) 356-2624,https://www.styleseat.com/m/v/styledbyi,,https://www.facebook.com/photo.php?fbid=399494693851455&id=323525988114993&set=a.331193047348287,Not Found,,9,Beauty salon,23602,23602,"Newport News, VA",salons 23602
Shelly Beauty Salon,"Sherwood Shopping Center, 13771 Warwick Blvd Suite 41, Newport News, VA 23602",(757) 833-6902,https://usmapzy.xyz/business/shelly-beauty-salon-D1UBCXKo,,https://www.facebook.com/groups/211705060976576/posts/1197283619085377/,Not Found,,4,Beauty salon,23602,23602,"Newport News, VA",salons 23602
Red-Head Stepchild Salon,"14403 Old Courthouse Way, Newport News, VA 23608",(757) 358-3404,https://www.google.com/maps/search/?api=1&query=Red-Head%20Stepchild%20Salon&query_place_id=ChIJzUpJlK5-sIkRYEgBxI7VS0E,,,Not Found,,1,Beauty salon,23608,23602,"Newport News, VA",salons 23602
Patricia's Hair Salon,"Fairway Plaza Shopping Center, 1405 Kiln Creek Pkwy D, Newport News, VA 23602",(757) 969-1773,https://www.google.com/maps/search/?api=1&query=Patricia's%20Hair%20Salon&query_place_id=ChIJ1VAZlTN_sIkR7tUazKOTWZg,,https://www.facebook.com/patricia.hs.3/,Not Found,,,Beauty salon,23602,23602,"Newport News, VA",salons 23602
Tru Cuts,"12777 Jefferson Ave, Newport News, VA 23602",(757) 874-3332,https://www.google.com/maps/search/?api=1&query=Tru%20Cuts&query_place_id=ChIJp2fV5sN-sIkR0eScXkn4tQg,,https://m.facebook.com/profile.php?id=125217417532557,Not Found,,178,Beauty salon,23602,23602,"Newport News, VA",salons 23602
828 Beauty Lounge,"7151 Richmond Rd #302, Williamsburg, VA 23188",(757) 912-1229,http://828beautylounge.com/,,https://www.facebook.com/p/828-Beauty-Lounge-100028847996378/,Not Found,,22,Hair salon,23188,23188,"Williamsburg, VA",hair salons 23188
JCPenney Salon,"2071 Coliseum Dr, Hampton, VA 23666, United States",+1 757-896-1924,https://www.jcpenney.com/locations/va/hampton/salon-hampton-va-2935.html,,https://www.facebook.com/p/JCPenney-Salon-Hampton-100057458648916/,Not Found,,31,Beauty salon,23666,23661,"Hampton, VA",salons 23661
S.A.G.E Beauty Lounge,"15425 Warwick Blvd E, Newport News, VA 23608",(757) 435-6454,http://www.sagebeautylounge.com/,filler@godaddy.com,https://www.facebook.com/102375821366631,Facebook,,73,Beauty salon,23608,23602,"Newport News, VA",salons 23602
Scottie's Custom Cuts & Beauty,"1593 Briarfield Rd, Hampton, VA 23666, United States",+1 757-838-8777,https://www.google.com/maps/search/?api=1&query=Scottie's%20Custom%20Cuts%20%26%20Beauty&query_place_id=ChIJNf7obdScuokRmuo4WzY-350,,,Not Found,,39,Beauty salon,23666,23661,"Hampton, VA",salons 23661
Tiny Textures Natural Hair Salon & Spa For Kids- Williamsburg,"218 Monticello Ave Suite B, Williamsburg, VA 23185",(757) 808-7222,https://www.tinytexturessalon.com/williamsburg,williamsburg.salon@tinytexturessalon.com,https://www.facebook.com/TinyTextures/,Facebook,,40,Hair salon,23185,23185,"Williamsburg, VA",hair salons 23185
Uniquely You Hair Weaving,"2805 W Mercury Blvd, Hampton, VA 23666, United States",+1 757-826-5680,https://www.google.com/maps/search/?api=1&query=Uniquely%20You%20Hair%20Weaving&query_place_id=ChIJKZX019mCuokRWJapVTUxjCE,,https://m.facebook.com/profile.php?id=150725621610344,Not Found,,16,Beauty salon,23666,23661,"Hampton, VA",salons 23661
Moss and Mane,"12551 Jefferson Ave Unit 109 Suite 24, Newport News, VA 23602",,http://niclynnhair.glossgenius.com/,,https://www.facebook.com/profile.php?id=100089578585988,Not Found,,26,Hair salon,23602,23602,"Newport News, VA",salons 23602
Sundays Sun Spa & Wellness,"621 Stoney Creek Ln, Newport News, VA 23608",(757) 340-4500,https://www.sundaysbluebox.com/,,https://www.facebook.com/virginiabeachtanning,Not Found,,68,Beauty salon,23608,23602,"Newport News, VA",salons 23602
Stylin' International,"1148 Big Bethel Rd, Hampton, VA 23666, United States",+1 757-827-5179,https://mapsyo.xyz/business/stylin-international-g41InRiU,,,Not Found,,11,Beauty salon,23666,23661,"Hampton, VA",salons 23661
Good Times Nails & Spa,"1932 N Armistead Ave, Hampton, VA 23666, United States",+1 757-833-4088,https://www.google.com/maps/search/?api=1&query=Good%20Times%20Nails%20%26%20Spa&query_place_id=ChIJsTIJq_6DuokRp0FfkGY3wGI,,https://www.facebook.com/p/Good-Times-Nails-Spa-100077290519610/,Not Found,,119,Nail salon,23666,23661,"Hampton, VA",salons 23661
"Just Us Elite LLC - ""Beauty Inside and Out""","13641 Warwick Blvd suite c, Newport News, VA 23602",(757) 636-0398,https://just-us-elite-llc.ueniweb.com/,,https://www.facebook.com/share.php,Not Found,,4,Beauty salon,23602,23602,"Newport News, VA",salons 23602
Sundays Sun Spa & Wellness,"310 Ed Wright Ln A, Newport News, VA 23606",(757) 340-4500,https://www.sundaysbluebox.com/,,https://www.facebook.com/virginiabeachtanning,Not Found,,140,Beauty salon,23606,23601,"Newport News, VA",salons 23601
One Nails,"3833 Kecoughtan Rd, Hampton, VA 23669, United States",+1 757-723-4500,https://www.google.com/maps/search/?api=1&query=One%20Nails&query_place_id=ChIJEQRnwFGbuokRjBa1vu5-uZU,,https://www.facebook.com/groups/2135228316526406/posts/6383958078320054/,Not Found,,81,Nail salon,23669,23661,"Hampton, VA",salons 23661
PN Nails,"2515 W Mercury Blvd, Hampton, VA 23666, United States",+1 757-838-4001,https://www.google.com/maps/search/?api=1&query=PN%20Nails&query_place_id=ChIJuS6UcCeDuokRzvkzarHRpZQ,,https://www.facebook.com/p/PN-Nails-Hampton-100093149075993/,Not Found,,176,Nail salon,23666,23661,"Hampton, VA",salons 23661
Anthony Vince Nail Spa,"1441 Merchant Ln, Hampton, VA 23666, United States",+1 757-827-2836,https://www.anthonyvincenailspa.com/,customerservice@anthonyvincenailspa.com,https://www.facebook.com/anthonyvincenailspaofficial/,Facebook,,711,Nail salon,23666,23661,"Hampton, VA",salons 23661
Relax Spa & Nails,"46 W Mercury Blvd, Hampton, VA 23669, United States",+1 757-872-3608,https://relaxspanailshampton.com/,ngaphandinh4@yahoo.com,,Google Maps,,183,Nail salon,23669,23661,"Hampton, VA",salons 23661
The Beauty Bar by Chelly Jae,"10 W Queens Ct, Hampton, VA 23669, United States",,http://thebeautybarhu.com/,,https://www.facebook.com/HamptonVA/posts/-august-is-black-business-month-and-were-shining-a-special-spotlight-on-self-car/1195998675901152/,Not Found,,24,Beauty salon,23669,23661,"Hampton, VA",salons 23661
Mad Skillz Salon and Suites,"2214 Executive Dr suite a, Hampton, VA 23666, United States",+1 757-753-8976,https://www.google.com/maps/search/?api=1&query=Mad%20Skillz%20Salon%20and%20Suites&query_place_id=ChIJeW1L0b6DuokRQGLzhFaPOtA,madskillzsalonandsuites@gmail.com,https://www.facebook.com/p/Mad-Skillz-Salon-and-Suites-100086202281896/,Facebook,,19,Health and beauty shop,23666,23661,"Hampton, VA",salons 23661
Style by Design Salon,"4548 John Tyler Hwy Unit A-7, Williamsburg, VA 23185",(757) 585-2302,http://www.stylebydesignsalon.com/,stylebydesign888@yahoo.com,https://www.facebook.com/stylebydesign,Facebook,,38,Hair salon,23185,23185,"Williamsburg, VA",hair salons 23185
Beautiful Nails Spa,"109 Marketplace Dr, Hampton, VA 23666, United States",+1 757-833-4004,https://www.google.com/maps/search/?api=1&query=Beautiful%20Nails%20Spa&query_place_id=ChIJq5XznrmDuokRuDP-rkqoU4Q,duystewart@yahoo.com,https://www.facebook.com/beautifulnailsspa4004/,Facebook,,299,Nail salon,23666,23661,"Hampton, VA",salons 23661
You're Someone Special,"1814 Todds Ln # F, Hampton, VA 23666, United States",+1 757-826-0272,https://www.google.com/maps/search/?api=1&query=You're%20Someone%20Special&query_place_id=ChIJ1bZFIiGDuokRZ9VKX0kXo24,,https://www.facebook.com/pages/Youre-Someone-Special/218838324796262,Not Found,,34,Beauty salon,23666,23661,"Hampton, VA",salons 23661
The Glamurai Experience LLC.,"1635 W Pembroke Ave, Hampton, VA 23661, United States",,https://theglamuraiexperience.as.me/,briasianoir@gmail.com,https://www.facebook.com/BriAsiaNoir/,Facebook,,,Hairdresser,23661,23661,"Hampton, VA",salons 23661
Tyzalon,"9612 Warwick Blvd, Newport News, VA 23601",(757) 599-4225,https://www.google.com/maps/search/?api=1&query=Tyzalon&query_place_id=ChIJSZE3vlWduokReiqddb04YGI,,https://www.facebook.com/Tyzalon/,Not Found,,9,Beauty salon,23601,23601,"Newport News, VA",salons 23601
Lockworks,"10345 Warwick Blvd, Newport News, VA 23601",(757) 369-4697,https://www.google.com/maps/search/?api=1&query=Lockworks&query_place_id=ChIJZ_Ctam54sIkRaEWH3aCmKuU,,https://www.facebook.com/BranfordSeven/posts/lockworks-tavern-this-is-the-best-bacon-i-have-ever-eaten-incredibly-impressed-w/1034183382042032/,Not Found,,8,Hair salon,23601,23601,"Newport News, VA",salons 23601
Back To Africa Hair Salon,"11745 Jefferson Ave Unit 3, Newport News, VA 23606",(757) 223-9521,https://www.google.com/maps/search/?api=1&query=Back%20To%20Africa%20Hair%20Salon&query_place_id=ChIJ9Y-Sn8V5sIkRByw02cQfSjw,,,Not Found,,64,Hair salon,23606,23601,"Newport News, VA",salons 23601
Hair Therapy,"27 W Mercury Blvd, Hampton, VA 23669, United States",+1 757-602-6473,http://hair-therapy-hampton.jany.io/,hairtherapyhampton@yahoo.com,https://www.facebook.com/p/Hair-Therapy-100083275371715/,Facebook,,24,Hair salon,23669,23661,"Hampton, VA",salons 23661
The Suite Spot II,"3324 W Mercury Blvd, Hampton, VA 23666, United States",+1 757-329-0765,http://www.thesuitespotva.com/,,,Not Found,,2,Beauty salon,23666,23661,"Hampton, VA",salons 23661
Briller Nails Lounge,"1102 W Mercury Blvd, Hampton, VA 23666, United States",+1 757-838-9051,https://www.google.com/maps/search/?api=1&query=Briller%20Nails%20Lounge&query_place_id=ChIJj6YkKvuDuokRt1VDzx1moTc,brillernailslounge@gmail.com,https://www.facebook.com/brillernailslounge,Facebook,,382,Nail salon,23666,23661,"Hampton, VA",salons 23661
Sundays Sun Spa & Wellness,"121 Coliseum Xing Suite 60, Hampton, VA 23666, United States",+1 757-340-4500,https://www.sundaysbluebox.com/,,https://www.facebook.com/virginiabeachtanning,Not Found,,204,Beauty salon,23666,23661,"Hampton, VA",salons 23661
MK Beauty Supply and Salon,"318 Oyster Point Rd, Newport News, VA 23602",(757) 435-6454,https://booking.mangomint.com/sagebeautylounge,mkbeautysupply87@gmail.com,https://www.facebook.com/mkbeautysupplystore/?locale=be_BY,Facebook,,35,Hair salon,23602,23602,"Newport News, VA",salons 23602
Tay Beauty Bar,"605 Newmarket Dr N #14, Newport News, VA 23605",(757) 782-2299,https://mapsyo.xyz/business/tay-beauty-bar-F9veyQ9Q,holmes.octavia@gmail.com,https://www.facebook.com/p/TAYBeautyBar-100047322954545/,Facebook,,18,Beauty salon,23605,23601,"Newport News, VA",salons 23601
LUXE Unlimited Salon and Spa,"50 Wellesley Dr suite 1001, Newport News, VA 23606",(757) 930-1075,http://luxeunlimitedsalon.com/,info@luxeunlimited.net,https://www.facebook.com/p/LUXE-Unlimited-Salon-and-Spa-61570137532093/,Facebook,,,Beauty salon,23606,23601,"Newport News, VA",salons 23601
X'Sensual Beauty,"1114 Big Bethel Rd #102, Hampton, VA 23666, United States",+1 757-238-1459,https://www.xsensualbeauty.com/,sensualnailsandspa@gmail.com,https://www.facebook.com/SenDaySpa/,Facebook,,177,Spa,23666,23661,"Hampton, VA",salons 23661
"Beaú ibrowz Threading ,Waxing & Permanent MakeUp (PMU)","Phenix Salon, 1431 Merchant Ln #107, Hampton, VA 23666, United States",+1 757-512-4936,http://www.beauibrowz.com/,beauibrowz@gmail.com,https://www.facebook.com/beauibrows/,Facebook,,116,Beauty salon,23666,23661,"Hampton, VA",salons 23661
S&J Hair and Nail Salon,"3016 W Mercury Blvd, Hampton, VA 23666, United States",+1 757-527-2589,https://www.sandjsalon.technology/,Sandjhairandnails@gmail.com,,Google Maps,,4,Beauty salon,23666,23661,"Hampton, VA",salons 23661
Perfect Touch Brows,"Next to JCPenney in Patrick Henry Mall, 12300 Jefferson Ave #601, Newport News, VA 23602",(757) 933-7477,http://www.perfecttouchbrows.com/,Customercare@PerfectTouchBrows.com,,Google Maps,,167,Eyebrow bar,23602,23602,"Newport News, VA",salons 23602
d. alan's ColorSplash,"696 Town Center Dr, Newport News, VA 23606",(757) 595-5421,https://mapsyo.xyz/business/d-alan-s-colorsplash-lHl3Opto,,,Not Found,,,Beauty salon,23606,23601,"Newport News, VA",salons 23601
The Total Experience Hair Salon,"980 J Clyde Morris Blvd #118, Newport News, VA 23601",(757) 289-0061,https://www.facebook.com/sherris.williams?mibextid=LQQJ4d,terrasimobiliariapi@gmail.com,https://www.facebook.com/terrasimobiliaria,Facebook,,,Hair salon,23601,23601,"Newport News, VA",salons 23601
"Mane Life Salon, Inc.","208 Arthur Way, Newport News, VA 23606",(757) 813-4969,http://www.manelifesalon.com/,manelifesalon@gmail.com,https://www.facebook.com/manelifesaloninc,Facebook,,,Hair salon,23606,23601,"Newport News, VA",salons 23601
Ivy Glam Spa & Wellness,"3420 Von Schilling Dr, Hampton, VA 23666, United States",+1 757-243-8666,https://ivyglam.com/,,https://www.facebook.com/ColiseumCentral/posts/-exciting-news-coliseum-centralwere-thrilled-to-announce-the-grand-opening-of-iv/1277889450533009/,Not Found,,406,Day spa,23666,23661,"Hampton, VA",salons 23661
Visionz Salon & Spa,"704 Thimble Shoals Blvd #102, Newport News, VA 23606",(757) 327-0403,https://listindexusa.org/details/visionz-salon-spa-ChIJgeH,visionzsalonandspa@gmail.com,https://m.facebook.com/VisionzSalon/mentions/,Facebook,,28,Beauty salon,23606,23601,"Newport News, VA",salons 23601
"Lioness Reign, LLC","701 Mariners Row Suite 102, Newport News, VA 23606",(757) 330-0570,http://stylesbytabitha.square.site/,lionessreignllc@gmail.com,https://www.facebook.com/stylesbytabitha2/,Facebook,,,Hair salon,23606,23601,"Newport News, VA",salons 23601
Hair by Staybae,"9505 Warwick Blvd, Newport News, VA 23601",(267) 997-5046,https://www.styleseat.com/m/v/staceygarcia,,,Not Found,,19,Beauty salon,23601,23601,"Newport News, VA",salons 23601
Hair Cuttery,"12080 Jefferson Ave #925, Newport News, VA 23606",(757) 881-9800,https://locations.haircuttery.com/va/newport-news/12080-jefferson-avenue-suite-925?y_source=1_MzQ4MjQ1OS03MTUtbG9jYXRpb24ud2Vic2l0ZQ%3D%3D,guestcare@haircuttery.com,http://www.facebook.com/haircuttery,Facebook,,,Hair salon,23606,23601,"Newport News, VA",salons 23601
Exquisite Designs The Salon LLC,,(757) 508-3300,https://www.vagaro.com/exquisitedesignsthesalon,support@vagaro.com,https://www.facebook.com/vagaropro,Facebook,,44,Hair salon,,23601,"Newport News, VA",salons 23601
Newport News Hair Extensions,"420 Logan Pl, Newport News, VA 23601",(757) 933-0025,http://www.instagram.com/siskee20apple21,,https://www.facebook.com/groups/222874641729448/posts/1711402132876684/,Not Found,,,Hair salon,23601,23601,"Newport News, VA",salons 23601
Groove & Honey Salon,"10219A Warwick Blvd, Newport News, VA 23601",,https://grooveandhoneybh.glossgenius.com/,,,Not Found,,2,Beauty salon,23601,23601,"Newport News, VA",salons 23601
Advance HTI & RicaSha Salon,"Kiln Creek Shopping Center, 400 Commerce Cir STE H, Yorktown, VA 23693",(757) 596-2484,https://www.google.com/maps/search/?api=1&query=Advance%20HTI%20%26%20RicaSha%20Salon&query_place_id=ChIJbXXYeah4sIkRq4tNGgobcI8,advancehti@gmail.com,https://www.facebook.com/AdvanceHTI/,Facebook,,20,Beauty salon,23693,23693,"Yorktown, VA",salons 23693
SALONTOURAGE,"740 Thimble Shoals Blvd # C, Newport News, VA 23606",(757) 749-3971,https://www.google.com/maps/search/?api=1&query=SALONTOURAGE&query_place_id=ChIJa-S5a4V4sIkRgVKwtexNJEQ,,https://www.facebook.com/Salontourage/,Not Found,,44,Beauty salon,23606,23601,"Newport News, VA",salons 23601
TopNotch Beauty Studio,"710 Thimble Shoals Blvd # B, Newport News, VA 23606",(757) 218-4382,https://topnotchbeautyessentials.glossgenius.com/?fbclid=PAZXh0bgNhZW0BMQABpjIovX2Vuanb6q7z3kFmkU4c5ydzmExaJsbTjO7nLYqO17noE-nSs9RUTA_aem_pdYWf6Oo92r5PuZ2Nu558Q,,,Not Found,,,Beauty salon,23606,23601,"Newport News, VA",salons 23601
Braids by Jewel,"97 Main St #102, Newport News, VA 23601",(757) 245-3659,http://www.braidsbyjewel.com/,hamptonbraids@gmail.com,https://facebook.com/Braids,Facebook,,23,Beauty salon,23601,23601,"Newport News, VA",salons 23601
Nail & Spa Pizazz,"2400 Cunningham Dr #500, Hampton, VA 23666, United States",+1 757-262-0026,https://nailspapizazz.com/,,,Not Found,,613,Nail salon,23666,23661,"Hampton, VA",salons 23661
MirrorBall Full Service Salon,"701 Mariners Row Suite 102, Newport News, VA 23606",(757) 325-7535,https://mirrorballsalon.square.site/,pinklotus8206@gmail.com,https://www.facebook.com/pinkshearz757/,Facebook,,13,Hair salon,23606,23601,"Newport News, VA",salons 23601
Amarylisse Beauty Studio,"4034 George Washington Memorial Hwy, Yorktown, VA 23692",(757) 866-5559,https://amarylissebeautystudio.as.me/,nailsbyamarylisse@gmail.com,https://www.facebook.com/nailsbyamarylisse/,Facebook,,37,Nail salon,23692,23692,"Yorktown, VA",salons 23692
Powell & Co Salon,"4102 George Washington Memorial Hwy #201, Yorktown, VA 23692",(757) 943-4633,https://www.google.com/maps/search/?api=1&query=Powell%20%26%20Co%20Salon&query_place_id=ChIJ_WEAN1V_sIkRQOMTEp1xnSo,powellandcosalon@gmail.com,https://www.facebook.com/powellandcosalon/,Facebook,,1,Hair salon,23692,23692,"Yorktown, VA",salons 23692
Elevationz Hair Studio,"1431 Merchant Ln Suite 152, Hampton, VA 23666",(757) 232-0721,http://elevationzhairstudio.booksy.com/,marketingbiz.pl@booksy.com,https://www.facebook.com/booksypolska/,Facebook,,13,Hair salon,23666,23661,"Hampton, VA",hair salons 23661
SIGNATURE TIPS & TOES,"6420 George Washington Memorial Hwy SUITE G, Yorktown, VA 23692",(757) 503-0493,https://www.google.com/maps/search/?api=1&query=SIGNATURE%20TIPS%20%26%20TOES&query_place_id=ChIJ_cjdgnV_sIkRTlrQiI7BJWs,,,Not Found,,3,Nail salon,23692,23692,"Yorktown, VA",salons 23692
Whitley's Hair Studio LLC,"3356 Ironbound Rd, Williamsburg, VA 23188",(757) 509-1803,https://www.google.com/maps/search/?api=1&query=Whitley's%20Hair%20Studio%20LLC&query_place_id=ChIJoxE8iEKKsIkRQSVZ71qwxZc,,https://www.facebook.com/p/Whitleys-Hair-Studio-LLC-100054612752100/,Not Found,,12,Hair salon,23188,23188,"Williamsburg, VA",salons 23188
Southern Roots Hair Studio,"5140 Main St Suite 12, Williamsburg, VA 23188",(804) 525-0571,https://www.google.com/maps/search/?api=1&query=Southern%20Roots%20Hair%20Studio&query_place_id=ChIJoYSnJUuLsIkRqloKgdXT5XQ,,https://www.facebook.com/p/Southern-Roots-Hair-Studio-100083558854888/,Not Found,,7,Beauty salon,23188,23188,"Williamsburg, VA",salons 23188
Evolve Lifted LLC Beauty Studio,"5140 Main St STE 7, Williamsburg, VA 23188",(757) 344-8958,https://www.google.com/maps/search/?api=1&query=Evolve%20Lifted%20LLC%20Beauty%20Studio&query_place_id=ChIJUSM-kGeLsIkRoSJW1bA9kHI,,,Not Found,,15,Beauty salon,23188,23188,"Williamsburg, VA",salons 23188
Shear Genius Salon,"4438 John Tyler Hwy, Williamsburg, VA 23185",(757) 220-5722,https://www.facebook.com/ShearGeniusSalonWmsbgVA?mibextid=LQQJ4d,terrasimobiliariapi@gmail.com,https://www.facebook.com/terrasimobiliaria,Facebook,,29,Beauty salon,23185,23188,"Williamsburg, VA",salons 23188
Ciao Bello Salon for Men and Boys,"Green Leaf Unit 106B, 4345 New Town Ave, Williamsburg, VA 23188",(757) 345-3445,https://sites.google.com/site/ciaobellosalon/about-us,ciaobello4345@gmail.com,https://www.facebook.com/ciaobello3445/,Facebook,,47,Hair salon,23188,23188,"Williamsburg, VA",salons 23188
Ray of Sunshine Hair Studio (Formerly Salon Allure),"4805 Courthouse St suite 203, Williamsburg, VA 23188",,https://www.facebook.com/Salon-Allure-269636203199643/,terrasimobiliariapi@gmail.com,https://www.facebook.com/terrasimobiliaria,Facebook,,25,Hair salon,23188,23188,"Williamsburg, VA",salons 23188
Silk Salon,"5540 Foundation St, Williamsburg, VA 23188",(757) 345-2905,http://mysilksalon.com/,silksalon@vacoxmail.com,,Google Maps,,27,Hair salon,23188,23188,"Williamsburg, VA",salons 23188
Grafton Nails,"6500 George Washington Memorial Hwy G, Yorktown, VA 23692",(757) 890-0698,https://graftonnailsyorktown.com/,,https://www.facebook.com/GraftonNailsSpa,Not Found,,499,Nail salon,23692,23692,"Yorktown, VA",salons 23692
Amy Nails,"5601 Richmond Rd suite 6, Williamsburg, VA 23188",(757) 565-6245,https://m.facebook.com/pages/category/Nail-Salon/Amy-Nails-185179841572677/,lammysanh@gmail.com,https://www.facebook.com/p/Amy-Nails-100063754650202/,Facebook,,312,Nail salon,23188,23188,"Williamsburg, VA",salons 23188
Ulta Beauty,"12080 Jefferson Ave #600, Newport News, VA 23606",(757) 249-4139,https://www.ulta.com/stores/newport-news-va-1086,,https://www.facebook.com/people/Ulta-Beauty/100064701095183/,Not Found,,830,Beauty salon,23606,23605,"Newport News, VA",beauty salons 23605
TopNotch Beauty Studio,"710 Thimble Shoals Blvd # B, Newport News, VA 23606",(757) 218-4382,https://topnotchbeautyessentials.glossgenius.com/?fbclid=PAZXh0bgNhZW0BMQABpjIovX2Vuanb6q7z3kFmkU4c5ydzmExaJsbTjO7nLYqO17noE-nSs9RUTA_aem_pdYWf6Oo92r5PuZ2Nu558Q,,,Not Found,,43,Beauty salon,23606,23605,"Newport News, VA",beauty salons 23605
Honey B Studio,"10219 Warwick Blvd Unit A, Newport News, VA 23601",(757) 756-9033,https://www.google.com/maps/search/?api=1&query=Honey%20B%20Studio&query_place_id=ChIJoy-wvFN5sIkRSqJh8eeKa7A,,https://www.facebook.com/honeybstudio1500/,Not Found,,14,Beauty salon,23601,23605,"Newport News, VA",beauty salons 23605
CM Beauty Studio's LLC,"11000 Jefferson Ave suite A, Newport News, VA 23601",(757) 951-7290,https://www.styleseat.com/didymorgan2,,,Not Found,,11,Beauty salon,23601,23605,"Newport News, VA",beauty salons 23605
Beauty Rush Spa,"5121 Center St, Williamsburg, VA 23188",(757) 220-2099,http://beautyrushspa.com/,luckylotusllc@yahoo.com,https://www.facebook.com/beautyrushspa,Facebook,,72,Beauty salon,23188,23188,"Williamsburg, VA",salons 23188
International House of Beauty,"10361 Warwick Blvd, Newport News, VA 23601",(757) 595-1422,https://www.google.com/maps/search/?api=1&query=International%20House%20of%20Beauty&query_place_id=ChIJy6pOfQF4sIkRKxRGZnYYBOs,,https://www.facebook.com/groups/242673972433626/posts/244094918958198/,Not Found,,1,Beauty salon,23601,23605,"Newport News, VA",beauty salons 23605
Styles From Heaven Salon,"2577 Chestnut Ave, Newport News, VA 23607",,https://www.google.com/maps/search/?api=1&query=Styles%20From%20Heaven%20Salon&query_place_id=ChIJSxGBS_ycuokRQcPEzZedOLI,,https://www.facebook.com/dawn.taylor.797578,Not Found,,1,Beauty salon,23607,23605,"Newport News, VA",beauty salons 23605
Eyelure Beauty Lounge,"9704 Warwick Blvd, Newport News, VA 23601",(757) 310-6714,https://www.google.com/maps/search/?api=1&query=Eyelure%20Beauty%20Lounge&query_place_id=ChIJvRR5oVWduokRm-BsBq7SKyc,,https://www.facebook.com/eyelurebeautylounge/,Not Found,,19,Beauty salon,23601,23605,"Newport News, VA",beauty salons 23605
Professional Braids,"5840 Jefferson Ave, Newport News, VA 23605",(757) 244-4016,https://www.google.com/maps/search/?api=1&query=Professional%20Braids&query_place_id=ChIJX7m5rEWduokRZTxeCSSyCZg,prochildcare07@yahoo.com,https://www.facebook.com/professionalbraids/,Facebook,,61,Beauty salon,23605,23605,"Newport News, VA",beauty salons 23605
Cubans Corner Spa,"3113 A, 3113 Chestnut Ave, Newport News, VA 23607",(904) 604-0891,https://cubanscorner.as.me/schedule.php,,,Not Found,,34,Waxing hair removal service,23607,23605,"Newport News, VA",beauty salons 23605
Level’d Up Hair Studio,"5004 Jefferson Ave, Newport News, VA 23605",(757) 702-0722,https://www.google.com/maps/search/?api=1&query=Level%E2%80%99d%20Up%20Hair%20Studio&query_place_id=ChIJj7rGRDWduokR4pJFlwux5oE,,,Not Found,,3,Beauty salon,23605,23605,"Newport News, VA",beauty salons 23605
i.brow bar+,"6022 Jefferson Ave Suite 102, Newport News, VA 23605",(757) 650-5323,http://www.vagaro.com/ibrowbar,support@vagaro.com,https://www.facebook.com/vagaropro,Facebook,,18,Eyebrow bar,23605,23605,"Newport News, VA",beauty salons 23605
Unique Hair Creations,,(757) 722-3222,https://www.google.com/maps/search/?api=1&query=Unique%20Hair%20Creations&query_place_id=ChIJFxsCv46EuokR4nSReuF-axU,1uniqueldy@gmail.com,https://www.facebook.com/uniquehaircreationsllc/,Facebook,,15,Beauty salon,,23605,"Newport News, VA",beauty salons 23605
Cayenne Beauty Bar,"688 J Clyde Morris Blvd, Newport News, VA 23601",(757) 595-0020,http://cayennemedspa.com/,Info@cayennebeauty.com,facebook.com/ThemeRexStudio/,Facebook,,104,Beauty salon,23601,23601,"Newport News, VA",salons 23601
Ricch Bundlez LLC,"7900 Marshall Ave Suite #2, Newport News, VA 23605",(757) 665-8996,https://ricchbundlez.as.me/,,,Not Found,,1,Beauty salon,23605,23605,"Newport News, VA",beauty salons 23605
Pixie Nail Bar,"25 Towne Centre Wy, Hampton, VA 23666, United States",+1 757-262-1553,http://pixienailbar.com/,pixienailbar.va@gmail.com,https://www.facebook.com/pixienailbarhampton/,Facebook,,905,Nail salon,23666,23661,"Hampton, VA",salons 23661
Hair Galleria,"23 Newmarket Square, Newport News, VA 23605",(757) 782-2752,https://www.instagram.com/hairgalleria_757?igsh=aGczenVtdDN3Y2pw,,https://www.facebook.com/p/Hair-Galleria-757-100088472241183/,Not Found,,183,Beauty supply store,23605,23605,"Newport News, VA",beauty salons 23605
TRUE CROWN & GLORY BEAUTY SALON,"1607 25th St, Newport News, VA 23607",(757) 620-8802,https://www.google.com/maps/search/?api=1&query=TRUE%20CROWN%20%26%20GLORY%20BEAUTY%20SALON&query_place_id=ChIJ82M0JNCduokRdpovx0dAJm8,,,Not Found,,1,Beauty salon,23607,23605,"Newport News, VA",beauty salons 23605
Naturally Simply Chic at HAIR ENVY,"5103 W Mercury Blvd, Newport News, VA 23605",(757) 322-0623,https://www.google.com/maps/search/?api=1&query=Naturally%20Simply%20Chic%20at%20HAIR%20ENVY&query_place_id=ChIJVcKYVIqduokRWJWGmYrhLqM,,,Not Found,,1,Beauty salon,23605,23605,"Newport News, VA",beauty salons 23605
Barrett's Beauty Box,"3501 Chestnut Ave, Newport News, VA 23607",(757) 380-9676,https://www.google.com/maps/search/?api=1&query=Barrett's%20Beauty%20Box&query_place_id=ChIJz_H5ZR2duokRBecSleFcsoI,,,Not Found,,3,Beauty salon,23607,23605,"Newport News, VA",beauty salons 23605
Ambience,"8302 Orcutt Ave, Newport News, VA 23605",(757) 826-5445,https://www.google.com/maps/search/?api=1&query=Ambience&query_place_id=ChIJ5QINA0qduokRG2LDNeFLsLs,shelley_freeman2000@yahoo.com,https://www.facebook.com/people/Ambience-Hair-and-Nail-Gallery/100054470019435/,Facebook,,12,Beauty salon,23605,23605,"Newport News, VA",beauty salons 23605
Vanity Nicole Beauty,"703 Thimble Shoals Blvd, Newport News, VA 23606",(757) 367-5897,https://www.google.com/maps/search/?api=1&query=Vanity%20Nicole%20Beauty&query_place_id=ChIJY9eQeE55sIkRyaptqFl7_cg,vanitynicolebeauty@gmail.com,https://www.facebook.com/61563536745663,Facebook,,49,Beauty salon,23606,23605,"Newport News, VA",beauty salons 23605
Hair Strandz,"6022 Jefferson Ave Suite 102, Newport News, VA 23605",(757) 244-9228,https://www.facebook.com/HairstrandzbyYoni/,terrasimobiliariapi@gmail.com,https://www.facebook.com/terrasimobiliaria,Facebook,,24,Beauty salon,23605,23605,"Newport News, VA",beauty salons 23605
cuttin up barbershop and salon,"ste c, 2710 N Armistead Ave, Hampton, VA 23666, United States",+1 757-865-6169,http://cuttinup2710.com/,elhgn904@gmail.com,https://www.facebook.com/p/Cuttin-Up-Barbershop-And-Salon-100060053354903/,Facebook,,83,Hair salon,23666,23661,"Hampton, VA",salons 23661
Shear Designers,"601 Thimble Shoals Blvd #150, Newport News, VA 23606",(757) 873-3343,https://sheardesigners.com/,customerservice@ampcorporate.com,,Google Maps,,21,Beauty salon,23606,23601,"Newport News, VA",salons 23601
L.S. Artistry LLC,"12284 Warwick Blvd STE. 2-G, Newport News, VA 23606",(757) 920-3050,https://lsartistryllc.com/,l.s.artistryllc@gmail.com,https://www.facebook.com/p/LS-Artistry-LLC-100078081734593/,Facebook,,12,Beauty salon,23606,23605,"Newport News, VA",beauty salons 23605
Afriroots Hair Salon,"605 Newmarket Dr N #25, Newport News, VA 23605",(757) 637-7269,http://afrirootshairsalon.net/,,https://www.facebook.com/afrirootshairsalon,Not Found,,76,Hair salon,23605,23605,"Newport News, VA",beauty salons 23605
Romeo and Ruby's Salon,"264 McLaws Cir STE J, Williamsburg, VA 23185",(757) 298-4656,https://www.google.com/maps/search/?api=1&query=Romeo%20and%20Ruby's%20Salon&query_place_id=ChIJfYO3cGyIsIkRqEndNH5VBk0,,,Not Found,,17,Beauty salon,23185,23188,"Williamsburg, VA",salons 23188
Jim De's Hair Studio,"3356 Ironbound Rd Ste 101, Williamsburg, VA 23188",(757) 532-2527,https://jimdeshairstudio.com/,,,Not Found,,29,Beauty salon,23188,23188,"Williamsburg, VA",salons 23188
Sundays Sun Spa & Wellness,"4920 Monticello Ave, Williamsburg, VA 23188",(757) 340-4500,https://www.sundaysbluebox.com/,,https://www.facebook.com/virginiabeachtanning,Not Found,,84,Beauty salon,23188,23188,"Williamsburg, VA",salons 23188
Heavenly Touch Beauty Services LLC,"212 Parkway Dr, Williamsburg, VA 23185",,https://www.google.com/maps/search/?api=1&query=Heavenly%20Touch%20Beauty%20Services%20LLC&query_place_id=ChIJ6f_Ri4eJsIkRomz__HqhHlk,,,Not Found,,33,Beauty salon,23185,23188,"Williamsburg, VA",salons 23188
Twisted Scissors Hair Salon LLC,"140 Sand Hill Rd, Williamsburg, VA 23188",(804) 815-1152,http://twistedscissorshairsalon.square.site/,,,Not Found,,13,Hair salon,23188,23188,"Williamsburg, VA",salons 23188
Hair Junkies by Moday,"11015 Warwick Blvd Suite 100, Newport News, VA 23601",(757) 218-5494,http://www.hairjunkiesbymoday.net/,msleatherbury77@gmail.com,https://www.facebook.com/Hairjunkiesbymoday/,Facebook,,,Hair salon,23601,23601,"Newport News, VA",salons 23601
The Hair Studio,"4039 Ironbound Rd, Williamsburg, VA 23188",(757) 813-5154,https://www.google.com/maps/search/?api=1&query=The%20Hair%20Studio&query_place_id=ChIJq6pqXc2LsIkRQOsHmsTBpM0,,https://www.facebook.com/hairbycrystalgreen/,Not Found,,23,Hair salon,23188,23188,"Williamsburg, VA",salons 23188
Makeover by Galz: The Threading Spa,"Sola Salon Studios, Suite 5, 5140 Main St, Williamsburg, VA 23188",(757) 232-6842,https://www.google.com/maps/search/?api=1&query=Makeover%20by%20Galz%3A%20The%20Threading%20Spa&query_place_id=ChIJlYczHNmLsIkR0TJslxeRAys,,https://www.facebook.com/groups/494876529181437/posts/1133469281988822/,Not Found,,138,Hair removal service,23188,23188,"Williamsburg, VA",salons 23188
Lucky Nail,"6116 Jefferson Ave, Newport News, VA 23605",(757) 826-4549,http://lucky-nail.poi.place/,,https://www.facebook.com/luckynailsnewportnews/,Not Found,,235,Nail salon,23605,23605,"Newport News, VA",beauty salons 23605
Beauty & Barber Extraordinaire,"6959 Richmond Rd, Williamsburg, VA 23188",(757) 208-0322,https://www.google.com/maps/search/?api=1&query=Beauty%20%26%20Barber%20Extraordinaire&query_place_id=ChIJGU_BPUyMsIkRipRJ_qHXcrA,,https://www.facebook.com/beautybarberextraordinaire/,Not Found,,15,Beauty salon,23188,23188,"Williamsburg, VA",salons 23188
Hairology Salon LLC,"5140 Main St Suite 15, Williamsburg, VA 23188",(757) 813-4015,https://glossgenius.com/invite/KIMMIEK1,,,Not Found,,11,Hair salon,23188,23188,"Williamsburg, VA",salons 23188
Color By Chrome,"Next to strangeway brewery, 1430 High St Suite 1105, Williamsburg, VA 23185",(757) 808-5384,https://na2.meevo.com/CustomerPortal/login?tenantId=500734,,https://www.facebook.com/Colorbychrome/,Not Found,,21,Beauty salon,23185,23188,"Williamsburg, VA",salons 23188
Artistic Nail Salon,"3044 Richmond Rd, Williamsburg, VA 23185",(757) 565-1490,https://artisticnailwilliamsburg.com/,minhtan881051@gmail.com,https://www.facebook.com/artisticnailswilliamsburg,Facebook,,610,Nail salon,23185,23188,"Williamsburg, VA",salons 23188
SUPERCUTS,"6610 Mooretown Rd, Williamsburg, VA 23188",(757) 221-0983,https://www.supercuts.com/locations/nearme/haircut/va/williamsburg/6610-e-mooretown-rd/83383,marketing@hrahllc.com,https://www.facebook.com/SupercutsWilliamsburgMarketplace83383/,Facebook,,274,Beauty salon,23188,23188,"Williamsburg, VA",salons 23188
Viva Nail Spa,"3120 Kiln Creek Pkwy STE F, Yorktown, VA 23693",(757) 898-1234,https://www.google.com/maps/search/?api=1&query=Viva%20Nail%20Spa&query_place_id=ChIJ1_aWMVJ_sIkRNIcoEtlOrNM,,https://www.facebook.com/vivanailspa/,Not Found,,111,Nail salon,23693,23692,"Yorktown, VA",salons 23692
Model Nails,"2643 George Washington Memorial Hwy, Yorktown, VA 23693",(757) 867-8051,https://www.google.com/maps/search/?api=1&query=Model%20Nails&query_place_id=ChIJb0ry8-p_sIkRKRTXuILjxbk,,https://www.facebook.com/expressnailsva/,Not Found,,61,Nail salon,23693,23692,"Yorktown, VA",salons 23692
Expo Nails,"5005 A4, Victory Blvd, Yorktown, VA 23693",(757) 833-8840,https://www.google.com/maps/search/?api=1&query=Expo%20Nails&query_place_id=ChIJg0PcJVN_sIkRj2eKnHkDRj4,,https://www.facebook.com/exponails757/,Not Found,,129,Nail salon,23693,23692,"Yorktown, VA",salons 23692
View Salon,"Wythe Creek Plaza Shopping Center, 458 Wythe Creek Rd Suite A, Poquoson, VA 23662",(757) 868-8000,https://zincx.top/business/view-salon-q9UCeGMI,view22salon@gmail.com,https://www.facebook.com/p/View-Salon-100066636859407/,Facebook,,32,Hair salon,23662,23692,"Yorktown, VA",salons 23692
Masusu Kinks,"4911 Jefferson Ave b, Newport News, VA 23607",(757) 435-6454,http://www.masusukinks.com/,gonatural@masusukinks.com,https://www.facebook.com/masusukinks1/,Facebook,,221,Hair salon,23607,23605,"Newport News, VA",beauty salons 23605
Spoonios Hair Salon,"7116 Warwick Blvd, Newport News, VA 23607",(757) 245-0033,https://www.google.com/maps/search/?api=1&query=Spoonios%20Hair%20Salon&query_place_id=ChIJe6tdX1uduokRQYSVLVSa0LU,,https://www.facebook.com/spoonioshairsalon,Not Found,,36,Beauty salon,23607,23605,"Newport News, VA",beauty salons 23605
Serene Lux Spa,"6022 Jefferson Ave Suite 102, Newport News, VA 23605",,https://www.google.com/maps/search/?api=1&query=Serene%20Lux%20Spa&query_place_id=ChIJ-ZxK2_F4sIkRWssuKJNocq4,sereneluxspa@yahoo.com,https://www.facebook.com/people/Serene-Lux-Spa-757/100083375160746/,Facebook,,60,Beauty salon,23605,23605,"Newport News, VA",beauty salons 23605
Golden Shears Hair Salon,"5140 Main St Unit #26, Williamsburg, VA 23188",(757) 282-3382,http://www.goldenshearsva.com/,goldenshearsva@gmail.com,https://www.facebook.com/goldenshears365,Facebook,,1,Hair salon,23188,23188,"Williamsburg, VA",salons 23188
Nation Nails & Spa,"119 Village Ave B, Yorktown, VA 23693",(757) 833-0379,https://www.google.com/maps/search/?api=1&query=Nation%20Nails%20%26%20Spa&query_place_id=ChIJP8tuNFN_sIkRc3oYFiGGycE,,https://www.facebook.com/people/Nation-Nails-Spa/61576688972150/,Not Found,,129,Nail salon,23693,23692,"Yorktown, VA",salons 23692
St Spa and Nails Yorktown (Saint Spa and Nails Yorktown),"1215 George Washington Memorial Hwy, Yorktown, VA 23693",(757) 327-0540,https://www.facebook.com/stspaandnails,terrasimobiliariapi@gmail.com,https://www.facebook.com/terrasimobiliaria,Facebook,,241,Nail salon,23693,23692,"Yorktown, VA",salons 23692
Snatch'd Brazilian Wax and Sugaring,"2808 George Washington Memorial Hwy Suite 203, Yorktown, VA 23693",(757) 593-5671,https://www.google.com/maps/search/?api=1&query=Snatch'd%20Brazilian%20Wax%20and%20Sugaring&query_place_id=ChIJSdcBcQeCuokRmwZEwRkwkrI,,,Not Found,,57,Waxing hair removal service,23693,23692,"Yorktown, VA",salons 23692
"Yorktown Salon Suites, LLC","4112 George Washington Memorial Hwy, Yorktown, VA 23692",(804) 438-2162,https://m.facebook.com/profile.php/?id=100094105915132,,,Not Found,,,Beauty salon,23692,23692,"Yorktown, VA",salons 23692
Shavonne’s salon,"4112 George Washington Memorial Hwy, Yorktown, VA 23692",,https://www.google.com/maps/search/?api=1&query=Shavonne%E2%80%99s%20salon&query_place_id=ChIJt77qhAR_sIkRh8wV7M38mfM,,,Not Found,,,Beauty salon,23692,23692,"Yorktown, VA",salons 23692
Lavor Aesthetics,"4034 George Washington Memorial Hwy Suite 1, Yorktown, VA 23692",(757) 309-9763,https://lavoraestheticsschedulingpage.as.me/,,https://www.facebook.com/people/Lavor-Aesthetics/61577465273926/,Not Found,,3,Waxing hair removal service,23692,23692,"Yorktown, VA",salons 23692
RejuviClear Spa & Wellness,"328 Old York-Hampton Hwy STE D, Yorktown, VA 23692",(757) 504-4078,https://www.rejuviclear.com/,info@rejuviclear.com,https://www.facebook.com/the.aesthetic.rn,Facebook,,12,Medical spa,23692,23692,"Yorktown, VA",salons 23692
K & H Nails,"2703 George Washington Memorial Hwy D, Yorktown, VA 23693",(757) 223-0654,http://www.kandhnails.com/,,https://www.facebook.com/kandhnails2018/,Not Found,,83,Nail salon,23693,23692,"Yorktown, VA",salons 23692
757Lashes LLC,"1431 Merchant Ln, Hampton, VA 23666, United States",+1 972-460-6280,https://lasheshampton.com/,,https://www.facebook.com/profile.php?id=100083062554621,Not Found,,84,Beauty salon,23666,23661,"Hampton, VA",salons 23661
Thairpy Salon,"5099 Longhill Rd, Williamsburg, VA 23188",(757) 532-7854,http://thairpysalon.com/,anita.thairypysalon@yahoo.com,https://www.facebook.com/thairpysalon/,Facebook,,22,Beauty salon,23188,23188,"Williamsburg, VA",salons 23188
KP Nails,"4334 George Washington Memorial Hwy, Yorktown, VA 23692",(757) 872-0777,https://m.facebook.com/KPNails,,https://www.facebook.com/KPNails/,Not Found,,69,Nail salon,23692,23692,"Yorktown, VA",salons 23692
European Beauty Concepts,"5590 Foundation St, Williamsburg, VA 23188",(757) 229-2440,https://www.google.com/maps/search/?api=1&query=European%20Beauty%20Concepts&query_place_id=ChIJGV1yNW6JsIkRAt9AKW4YGN4,ebcsalonspa@gmail.com,https://www.facebook.com/europeanbeautyconcepts/,Facebook,,71,Hair salon,23188,23188,"Williamsburg, VA",salons 23188
Posh Nails And Spa,"8135 George Washington Memorial Hwy, Yorktown, VA 23692",(757) 875-0719,https://www.google.com/maps/search/?api=1&query=Posh%20Nails%20And%20Spa&query_place_id=ChIJZVGW0tp_sIkR6yloJzPBVDQ,,,Not Found,,159,Nail salon,23692,23692,"Yorktown, VA",salons 23692
SUPERCUTS,"1490 Quarterpath Rd STE 5G, Williamsburg, VA 23185",(757) 565-2326,https://www.supercuts.com/locations/nearme/haircut/va/williamsburg/1490-quarterpath-rd-ste-5g/83385,marketing@hrahllc.com,https://www.facebook.com/SupercutsWilliamsburgMarketplace83383/,Facebook,,285,Beauty salon,23185,23185,"Williamsburg, VA",salons 23185
Lovesome Beauty Lounge,"215 Ingram Rd, Williamsburg, VA 23188",(512) 387-4407,https://www.lovesomebeautylounge.com/,,https://www.facebook.com/lovesomebeautylounge,Not Found,,13,Beauty salon,23188,23188,"Williamsburg, VA",salons 23188
Elite Nails,"4508 George Washington Memorial Hwy D, Yorktown, VA 23692",(757) 369-8585,https://elitenailsyorktown.com/,elitenailshop@outlook.com,,Google Maps,,147,Nail salon,23692,23692,"Yorktown, VA",salons 23692
Cee Monestime Hair,"4112 George Washington Memorial Hwy, Yorktown, VA 23692",(757) 207-6919,http://ww.vagaro.com/ceemonestimehair,,,Not Found,,2,Hair salon,23692,23692,"Yorktown, VA",salons 23692
Linette's Hair Studio,"2 Charlene Ct, Yorktown, VA 23692",(757) 898-4866,https://www.google.com/maps/search/?api=1&query=Linette's%20Hair%20Studio&query_place_id=ChIJvbpzJXx_sIkRmlYRjj3K_Ac,,,Not Found,,2,Beauty salon,23692,23692,"Yorktown, VA",salons 23692
Reflections Hair Design,"3356 Ironbound Rd #1a, Williamsburg, VA 23188",(804) 832-3436,http://www.reflectionshairdesignwilliamsburg.com/,jdsantore1@gmail.com,http://facebook.com/reflectionswilliamsburg,Facebook,,12,Hair salon,23188,23188,"Williamsburg, VA",salons 23188
Zilda Brazilian Spa,"5215 George Washington Memorial Hwy, Yorktown, VA 23692",(757) 234-4099,http://www.zilda-massage.com/,Contact@Zilda-Massage.com,https://www.facebook.com/ZildaSpa/,Facebook,,94,Day spa,23692,23692,"Yorktown, VA",salons 23692
Nails By Tom,"5323 George Washington Memorial Hwy, Yorktown, VA 23692",(757) 283-7518,https://www.google.com/maps/search/?api=1&query=Nails%20By%20Tom&query_place_id=ChIJu8Rfy4N_sIkRMmRkwgwoyYc,,https://www.facebook.com/groups/590344434643735/posts/2362489470762547/,Not Found,,155,Nail salon,23692,23692,"Yorktown, VA",salons 23692
Blue Velvet Spa & Boutique,"2847 Denbigh Blvd, Yorktown, VA 23692",(757) 890-9700,https://bluevelvetva.com/,bluevelvetspa.boutique@gmail.com,https://www.facebook.com/bluevelvetspava,Facebook,,33,Spa,23692,23692,"Yorktown, VA",salons 23692
Hair Pressur By MK,"3112 Chestnut Ave, Newport News, VA 23607",(757) 696-1959,http://hairpressurbymk.glossgenius.com/,,http://facebook.com/hair.pressur.by.mk,Not Found,,20,Beauty salon,23607,23605,"Newport News, VA",beauty salons 23605
Hair Divas Beauty Salon Inc.,"15435 Warwick Blvd F, Newport News, VA 23608",(757) 877-8786,https://www.google.com/maps/search/?api=1&query=Hair%20Divas%20Beauty%20Salon%20Inc.&query_place_id=ChIJcVOHnSZ8sIkRF0kGNKlHpEU,,https://m.facebook.com/hairdivas757/mentions/,Not Found,,18,Beauty salon,23608,23608,"Newport News, VA",beauty salons 23608
K’s Kreations & Beauty BAR,"1256 25th St, Newport News, VA 23607",(757) 505-0833,https://kskreations.glossgenius.com/,,,Not Found,,10,Nail salon,23607,23605,"Newport News, VA",beauty salons 23605
Beauty By Natavia,"4034 George Washington Memorial Hwy STE B, Yorktown, VA 23692",,https://www.theselfcarebeautybar.com/,,https://www.facebook.com/profile.php?id=61550292436706,Not Found,,13,Beauty salon,23692,23692,"Yorktown, VA",salons 23692
JNJ Hair Studio,"12551 Jefferson Ave suite 109...rm27, Newport News, VA 23602",(757) 358-1626,https://www.facebook.com/jnjhairstudio?mibextid=ZbWKwL,terrasimobiliariapi@gmail.com,https://www.facebook.com/terrasimobiliaria,Facebook,,1,Beauty salon,23602,23602,"Newport News, VA",beauty salons 23602
NK African Hair Braiding,"854 Holbrook Dr, Newport News, VA 23602",(254) 350-7572,https://nkafricanhairbraiding.business.site/,,https://www.facebook.com/people/Nk-African-hair-braiding/61575502387133/,Not Found,,53,Beauty salon,23602,23602,"Newport News, VA",beauty salons 23602
T J Nails,"5338 George Washington Memorial Hwy, Yorktown, VA 23692",(757) 875-1942,https://graftonnailsspayorktown.com/,,https://www.facebook.com/488277101032762,Not Found,,133,Nail salon,23692,23692,"Yorktown, VA",salons 23692
Wholeness Hair Clinic,"5251 John Tyler Hwy UNIT 36, Williamsburg, VA 23185",(757) 994-1001,http://wholenesshairclinic.com/,wholenesshair@gmail.com,https://www.facebook.com/wholenesshair/,Facebook,,49,Hair salon,23185,23188,"Williamsburg, VA",salons 23188
Safire Studio,"5138 Main St, Williamsburg, VA 23188",(267) 897-8680,https://safirestudio20.glossgenius.com/,,https://www.facebook.com/p/Safire-Studio-by-Cat-61565338629282/,Not Found,,3,Hair salon,23188,23188,"Williamsburg, VA",salons 23188
Luxury Tress Salon Suites,"701 Mariners Row Suite 102, Newport News, VA 23606",(757) 870-6300,http://www.citycentersalonsuites.com/,info@mysite.com,,Google Maps,,,Beauty salon,23606,23601,"Newport News, VA",salons 23601
Boss Dolls Beauty Salon LLC,"2600 1/2, 2600 Marshall Ave, Newport News, VA 23607",(757) 254-5971,https://boss-dolls-beauty-salon-llc.ueniweb.com/?utm_campaign=gmb,,https://www.facebook.com/share.php,Not Found,,3,Hair extension technician,23607,23607,"Newport News, VA",beauty salons 23607
Nail Luv & Spa,"31 Hidenwood Shopping Center, Newport News, VA 23606",(757) 597-7783,https://www.nailluvspa.com/,nailluvandspa@yahoo.com,,Google Maps,,451,Nail salon,23606,23605,"Newport News, VA",beauty salons 23605
Kashmere Nails by Kay,"4740 George Washington Memorial Hwy, Yorktown, VA 23692",,https://kashmerenailsbykay.glossgenius.com/,kashmerenailsbykay@gmail.com,https://www.facebook.com/61573616434123,Facebook,,2,Nail salon,23692,23692,"Yorktown, VA",salons 23692
Elevated Skin Esteem,"110 Dare Rd, Yorktown, VA 23692",(757) 902-7193,https://elevatedskin.glossgenius.com/services,,https://www.facebook.com/MetCr8LegInc/posts/1037138168610148/,Not Found,,7,Eyelash salon,23692,23692,"Yorktown, VA",salons 23692
Alsa Beauty Studio,"12551 Jefferson Ave #187, Newport News, VA 23602",(757) 746-5035,https://alsabeautystudio.godaddysites.com/,Alsa@alsabeautystudio.com,https://www.facebook.com/204372239416366,Facebook,,19,Beauty salon,23602,23602,"Newport News, VA",beauty salons 23602
Daryllynn's Hair Studio,"Sola Salons, 5140 Main St Suite 001, Williamsburg, VA 23188",(757) 645-6588,http://www.daryllynnshairstudio.com/,daryllynnmichele@gmail.com,http://facebook.com/daryllynnshairstudio,Facebook,,5,Hair salon,23188,23188,"Williamsburg, VA",salons 23188
Nautiwax,"3630 George Washington Memorial Hwy Suite B, Yorktown, VA 23693",(757) 755-6285,http://www.nautiwax.com/,nautiwaxco@gmail.com,HTTPS://www.facebook.com/nautiwax,Facebook,,36,Waxing hair removal service,23693,23692,"Yorktown, VA",salons 23692
Bare Roots Esthetics,"3630 George Washington Memorial Hwy I, Yorktown, VA 23693",(757) 726-7725,https://barerootsesthetics.com/,barerootsestheticscontact@gmail.com,,Google Maps,,24,Beauty salon,23693,23692,"Yorktown, VA",salons 23692
Williamsburg Nails (formerly known as Nails by Lisa),"5242 Olde Towne Rd Suite 8, Williamsburg, VA 23188",(757) 220-4633,https://www.williamsburgnails.com/,,,Not Found,,125,Nail salon,23188,23188,"Williamsburg, VA",salons 23188
Celebrity Styles & Extensions,"1818 F Todds Ln, Hampton, VA 23666, United States",+1 757-224-8194,http://www.csesalon.com/,celebstyles08@aol.com,https://www.facebook.com/CelebrityStyles/,Facebook,,29,Beauty salon,23666,23661,"Hampton, VA",salons 23661
Be Bare Beauty Spa,"2501 Marshall Ave, Newport News, VA 23607",(757) 251-0464,http://www.bebarebeautyspa.com/,bebareinc@gmail.com,https://www.facebook.com/bebarebeautyacademy,Facebook,,55,Waxing hair removal service,23607,23605,"Newport News, VA",beauty salons 23605